dataset,chromosomes,start_position,end_position,score,dataset_strand,product,phase,time_after_exposure,sample_strand,replicate,xr_ds,windows
TSS,.,0,100,0,NTS,64_PP,early,12,.,_,1.14163191593086,-100
TSS,.,0,100,0,NTS,CPD,early,12,.,_,1.40788401529069,-100
TSS,.,0,100,0,TS,64_PP,early,12,.,_,1.11848012204819,-100
TSS,.,0,100,0,TS,CPD,early,12,.,_,1.37143692966585,-100
TSS,.,0,100,0,NTS,64_PP,early,12,.,_,1.13985614764589,-91
TSS,.,0,100,0,NTS,CPD,early,12,.,_,1.40767297086322,-91
TSS,.,0,100,0,TS,64_PP,early,12,.,_,1.11786993416562,-91
TSS,.,0,100,0,TS,CPD,early,12,.,_,1.36725622256739,-91
TSS,.,0,100,0,NTS,64_PP,early,12,.,_,2.14645845199403,-1
TSS,.,0,100,0,NTS,CPD,early,12,.,_,3.19189985249949,-1
TSS,.,0,100,0,TS,64_PP,early,12,.,_,2.06267323792989,-1
TSS,.,0,100,0,TS,CPD,early,12,.,_,3.36791674910138,-1
TSS,.,0,100,0,NTS,64_PP,early,12,.,_,2.25066858976454,0
TSS,.,0,100,0,NTS,CPD,early,12,.,_,3.08232068380335,0
TSS,.,0,100,0,TS,64_PP,early,12,.,_,2.49908710919441,0
TSS,.,0,100,0,TS,CPD,early,12,.,_,3.66634301140486,0
TSS,.,0,100,0,NTS,64_PP,early,12,.,_,2.88892553480489,1
TSS,.,0,100,0,NTS,CPD,early,12,.,_,4.33357236313993,1
TSS,.,0,100,0,TS,64_PP,early,12,.,_,2.83762586239519,1
TSS,.,0,100,0,TS,CPD,early,12,.,_,4.11877357554149,1
TSS,.,0,100,0,NTS,64_PP,early,12,.,_,2.45751107742823,2
TSS,.,0,100,0,NTS,CPD,early,12,.,_,3.2862603273878,2
TSS,.,0,100,0,TS,64_PP,early,12,.,_,2.54908877609429,2
TSS,.,0,100,0,TS,CPD,early,12,.,_,3.340869304505,2
TSS,.,0,100,0,NTS,64_PP,early,12,.,_,2.44211560439324,3
TSS,.,0,100,0,NTS,CPD,early,12,.,_,3.56176699852575,3
TSS,.,0,100,0,TS,64_PP,early,12,.,_,2.38729831167203,3
TSS,.,0,100,0,TS,CPD,early,12,.,_,3.07625884505757,3
TSS,.,0,100,0,NTS,64_PP,early,12,.,_,2.20435890338292,4
TSS,.,0,100,0,NTS,CPD,early,12,.,_,3.40071426823271,4
TSS,.,0,100,0,TS,64_PP,early,12,.,_,2.13930914756446,4
TSS,.,0,100,0,TS,CPD,early,12,.,_,2.91166093980146,4
TSS,.,0,100,0,NTS,64_PP,early,12,.,_,2.14550547910766,5
TSS,.,0,100,0,NTS,CPD,early,12,.,_,3.40406463727387,5
TSS,.,0,100,0,TS,64_PP,early,12,.,_,1.93122312583549,5
TSS,.,0,100,0,TS,CPD,early,12,.,_,2.85532203094918,5
TSS,.,0,100,0,NTS,64_PP,early,12,.,_,1.97175384474907,6
TSS,.,0,100,0,NTS,CPD,early,12,.,_,3.2254042070725,6
TSS,.,0,100,0,TS,64_PP,early,12,.,_,1.8274347496134,6
TSS,.,0,100,0,TS,CPD,early,12,.,_,2.72444404427298,6
TSS,.,0,100,0,NTS,64_PP,early,12,.,_,1.90682195187069,7
TSS,.,0,100,0,NTS,CPD,early,12,.,_,3.17824747362145,7
TSS,.,0,100,0,TS,64_PP,early,12,.,_,1.7226199500433,7
TSS,.,0,100,0,TS,CPD,early,12,.,_,2.65130167365055,7
TSS,.,0,100,0,NTS,64_PP,early,12,.,_,1.81495988534923,8
TSS,.,0,100,0,NTS,CPD,early,12,.,_,2.97365217335345,8
TSS,.,0,100,0,TS,64_PP,early,12,.,_,1.65906964242159,8
TSS,.,0,100,0,TS,CPD,early,12,.,_,2.63407921155041,8
TSS,.,0,100,0,NTS,64_PP,early,12,.,_,1.12321895412745,-90
TSS,.,0,100,0,NTS,CPD,early,12,.,_,1.34801947424312,-90
TSS,.,0,100,0,TS,64_PP,early,12,.,_,1.13011055507229,-90
TSS,.,0,100,0,TS,CPD,early,12,.,_,1.35877523150371,-90
TSS,.,0,100,0,NTS,64_PP,early,12,.,_,1.70763097928447,9
TSS,.,0,100,0,NTS,CPD,early,12,.,_,2.89916306263618,9
TSS,.,0,100,0,TS,64_PP,early,12,.,_,1.54464929423964,9
TSS,.,0,100,0,TS,CPD,early,12,.,_,2.5025737352621,9
TSS,.,0,100,0,NTS,64_PP,early,12,.,_,1.65836373254138,10
TSS,.,0,100,0,NTS,CPD,early,12,.,_,2.74563673060642,10
TSS,.,0,100,0,TS,64_PP,early,12,.,_,1.56880805225026,10
TSS,.,0,100,0,TS,CPD,early,12,.,_,2.39811713547286,10
TSS,.,0,100,0,NTS,64_PP,early,12,.,_,1.61570785536801,11
TSS,.,0,100,0,NTS,CPD,early,12,.,_,2.53972337117486,11
TSS,.,0,100,0,TS,64_PP,early,12,.,_,1.40283396616057,11
TSS,.,0,100,0,TS,CPD,early,12,.,_,2.25632369585616,11
TSS,.,0,100,0,NTS,64_PP,early,12,.,_,1.56155644033349,12
TSS,.,0,100,0,NTS,CPD,early,12,.,_,2.53755872784011,12
TSS,.,0,100,0,TS,64_PP,early,12,.,_,1.42878776745578,12
TSS,.,0,100,0,TS,CPD,early,12,.,_,2.26640997899465,12
TSS,.,0,100,0,NTS,64_PP,early,12,.,_,1.56501277636454,13
TSS,.,0,100,0,NTS,CPD,early,12,.,_,2.29401353567578,13
TSS,.,0,100,0,TS,64_PP,early,12,.,_,1.40149624264817,13
TSS,.,0,100,0,TS,CPD,early,12,.,_,2.15917866793963,13
TSS,.,0,100,0,NTS,64_PP,early,12,.,_,1.5033335454603,14
TSS,.,0,100,0,NTS,CPD,early,12,.,_,2.2834515353658,14
TSS,.,0,100,0,TS,64_PP,early,12,.,_,1.35179785152705,14
TSS,.,0,100,0,TS,CPD,early,12,.,_,2.09206329649719,14
TSS,.,0,100,0,NTS,64_PP,early,12,.,_,1.48026485673403,15
TSS,.,0,100,0,NTS,CPD,early,12,.,_,2.21975447571144,15
TSS,.,0,100,0,TS,64_PP,early,12,.,_,1.3268276847811,15
TSS,.,0,100,0,TS,CPD,early,12,.,_,2.05164946029316,15
TSS,.,0,100,0,NTS,64_PP,early,12,.,_,1.39154257307625,16
TSS,.,0,100,0,NTS,CPD,early,12,.,_,2.14296932937313,16
TSS,.,0,100,0,TS,64_PP,early,12,.,_,1.31286461111348,16
TSS,.,0,100,0,TS,CPD,early,12,.,_,1.93960731056333,16
TSS,.,0,100,0,NTS,64_PP,early,12,.,_,1.38512731442526,17
TSS,.,0,100,0,NTS,CPD,early,12,.,_,2.04194831503826,17
TSS,.,0,100,0,TS,64_PP,early,12,.,_,1.30125801181048,17
TSS,.,0,100,0,TS,CPD,early,12,.,_,1.90748421156835,17
TSS,.,0,100,0,NTS,64_PP,early,12,.,_,1.41746931766668,18
TSS,.,0,100,0,NTS,CPD,early,12,.,_,1.99716768386548,18
TSS,.,0,100,0,TS,64_PP,early,12,.,_,1.27593810542688,18
TSS,.,0,100,0,TS,CPD,early,12,.,_,1.85993875989114,18
TSS,.,0,100,0,NTS,64_PP,early,12,.,_,1.13599263692345,-89
TSS,.,0,100,0,NTS,CPD,early,12,.,_,1.39564712446771,-89
TSS,.,0,100,0,TS,64_PP,early,12,.,_,1.13194289904187,-89
TSS,.,0,100,0,TS,CPD,early,12,.,_,1.37811559042375,-89
TSS,.,0,100,0,NTS,64_PP,early,12,.,_,1.39415036144263,19
TSS,.,0,100,0,NTS,CPD,early,12,.,_,1.947971147551,19
TSS,.,0,100,0,TS,64_PP,early,12,.,_,1.25622722902611,19
TSS,.,0,100,0,TS,CPD,early,12,.,_,1.88565065487643,19
TSS,.,0,100,0,NTS,64_PP,early,12,.,_,1.36992664835527,20
TSS,.,0,100,0,NTS,CPD,early,12,.,_,1.9534732276056,20
TSS,.,0,100,0,TS,64_PP,early,12,.,_,1.28255317070177,20
TSS,.,0,100,0,TS,CPD,early,12,.,_,1.84467612255975,20
TSS,.,0,100,0,NTS,64_PP,early,12,.,_,1.34098025504936,21
TSS,.,0,100,0,NTS,CPD,early,12,.,_,1.92111673173105,21
TSS,.,0,100,0,TS,64_PP,early,12,.,_,1.25707967888476,21
TSS,.,0,100,0,TS,CPD,early,12,.,_,1.77255374708283,21
TSS,.,0,100,0,NTS,64_PP,early,12,.,_,1.30949223991495,22
TSS,.,0,100,0,NTS,CPD,early,12,.,_,1.78985467046894,22
TSS,.,0,100,0,TS,64_PP,early,12,.,_,1.21814341592117,22
TSS,.,0,100,0,TS,CPD,early,12,.,_,1.78968246366129,22
TSS,.,0,100,0,NTS,64_PP,early,12,.,_,1.34356648152522,23
TSS,.,0,100,0,NTS,CPD,early,12,.,_,1.81904792882675,23
TSS,.,0,100,0,TS,64_PP,early,12,.,_,1.28603835592719,23
TSS,.,0,100,0,TS,CPD,early,12,.,_,1.70005030660427,23
TSS,.,0,100,0,NTS,64_PP,early,12,.,_,1.36076108821288,24
TSS,.,0,100,0,NTS,CPD,early,12,.,_,1.80043518190595,24
TSS,.,0,100,0,TS,64_PP,early,12,.,_,1.24471721977438,24
TSS,.,0,100,0,TS,CPD,early,12,.,_,1.76728016024551,24
TSS,.,0,100,0,NTS,64_PP,early,12,.,_,1.33115830006974,25
TSS,.,0,100,0,NTS,CPD,early,12,.,_,1.78530349840221,25
TSS,.,0,100,0,TS,64_PP,early,12,.,_,1.26181472640417,25
TSS,.,0,100,0,TS,CPD,early,12,.,_,1.71174693900911,25
TSS,.,0,100,0,NTS,64_PP,early,12,.,_,1.32732713710149,26
TSS,.,0,100,0,NTS,CPD,early,12,.,_,1.84899022838804,26
TSS,.,0,100,0,TS,64_PP,early,12,.,_,1.22918890929576,26
TSS,.,0,100,0,TS,CPD,early,12,.,_,1.70947535917936,26
TSS,.,0,100,0,NTS,64_PP,early,12,.,_,1.31893452119293,27
TSS,.,0,100,0,NTS,CPD,early,12,.,_,1.77360678448831,27
TSS,.,0,100,0,TS,64_PP,early,12,.,_,1.21089610838541,27
TSS,.,0,100,0,TS,CPD,early,12,.,_,1.64985223824078,27
TSS,.,0,100,0,NTS,64_PP,early,12,.,_,1.30901339062531,28
TSS,.,0,100,0,NTS,CPD,early,12,.,_,1.71270649586416,28
TSS,.,0,100,0,TS,64_PP,early,12,.,_,1.23028014298531,28
TSS,.,0,100,0,TS,CPD,early,12,.,_,1.64590932939564,28
TSS,.,0,100,0,NTS,64_PP,early,12,.,_,1.14214119506909,-88
TSS,.,0,100,0,NTS,CPD,early,12,.,_,1.4284363176429,-88
TSS,.,0,100,0,TS,64_PP,early,12,.,_,1.16258943689178,-88
TSS,.,0,100,0,TS,CPD,early,12,.,_,1.34512644540769,-88
TSS,.,0,100,0,NTS,64_PP,early,12,.,_,1.27955560746205,29
TSS,.,0,100,0,NTS,CPD,early,12,.,_,1.70083160196095,29
TSS,.,0,100,0,TS,64_PP,early,12,.,_,1.20503284381867,29
TSS,.,0,100,0,TS,CPD,early,12,.,_,1.63261149673937,29
TSS,.,0,100,0,NTS,64_PP,early,12,.,_,1.3083624751564,30
TSS,.,0,100,0,NTS,CPD,early,12,.,_,1.7111382813516,30
TSS,.,0,100,0,TS,64_PP,early,12,.,_,1.21557776358281,30
TSS,.,0,100,0,TS,CPD,early,12,.,_,1.65759010193409,30
TSS,.,0,100,0,NTS,64_PP,early,12,.,_,1.24958002297663,31
TSS,.,0,100,0,NTS,CPD,early,12,.,_,1.63962899405813,31
TSS,.,0,100,0,TS,64_PP,early,12,.,_,1.19792997558894,31
TSS,.,0,100,0,TS,CPD,early,12,.,_,1.58058624459109,31
TSS,.,0,100,0,NTS,64_PP,early,12,.,_,1.25567348129108,32
TSS,.,0,100,0,NTS,CPD,early,12,.,_,1.66440023037322,32
TSS,.,0,100,0,TS,64_PP,early,12,.,_,1.16890663931057,32
TSS,.,0,100,0,TS,CPD,early,12,.,_,1.65991404992195,32
TSS,.,0,100,0,NTS,64_PP,early,12,.,_,1.28208866205358,33
TSS,.,0,100,0,NTS,CPD,early,12,.,_,1.64480762957386,33
TSS,.,0,100,0,TS,64_PP,early,12,.,_,1.18085708374796,33
TSS,.,0,100,0,TS,CPD,early,12,.,_,1.63846878325915,33
TSS,.,0,100,0,NTS,64_PP,early,12,.,_,1.31783156991746,34
TSS,.,0,100,0,NTS,CPD,early,12,.,_,1.72604447394935,34
TSS,.,0,100,0,TS,64_PP,early,12,.,_,1.20291342321113,34
TSS,.,0,100,0,TS,CPD,early,12,.,_,1.64299007987467,34
TSS,.,0,100,0,NTS,64_PP,early,12,.,_,1.26847510949227,35
TSS,.,0,100,0,NTS,CPD,early,12,.,_,1.65775354150544,35
TSS,.,0,100,0,TS,64_PP,early,12,.,_,1.18245700833422,35
TSS,.,0,100,0,TS,CPD,early,12,.,_,1.59646841645208,35
TSS,.,0,100,0,NTS,64_PP,early,12,.,_,1.24780535223988,36
TSS,.,0,100,0,NTS,CPD,early,12,.,_,1.64089267368393,36
TSS,.,0,100,0,TS,64_PP,early,12,.,_,1.21030885315111,36
TSS,.,0,100,0,TS,CPD,early,12,.,_,1.58626401559147,36
TSS,.,0,100,0,NTS,64_PP,early,12,.,_,1.24316127621139,37
TSS,.,0,100,0,NTS,CPD,early,12,.,_,1.62632050148023,37
TSS,.,0,100,0,TS,64_PP,early,12,.,_,1.19570765742763,37
TSS,.,0,100,0,TS,CPD,early,12,.,_,1.5732312380261,37
TSS,.,0,100,0,NTS,64_PP,early,12,.,_,1.26626365389411,38
TSS,.,0,100,0,NTS,CPD,early,12,.,_,1.63367596133107,38
TSS,.,0,100,0,TS,64_PP,early,12,.,_,1.22391259462303,38
TSS,.,0,100,0,TS,CPD,early,12,.,_,1.60502097381683,38
TSS,.,0,100,0,NTS,64_PP,early,12,.,_,1.1470277115841,-87
TSS,.,0,100,0,NTS,CPD,early,12,.,_,1.3824089936621,-87
TSS,.,0,100,0,TS,64_PP,early,12,.,_,1.14528208936352,-87
TSS,.,0,100,0,TS,CPD,early,12,.,_,1.38657863371636,-87
TSS,.,0,100,0,NTS,64_PP,early,12,.,_,1.26523487500844,39
TSS,.,0,100,0,NTS,CPD,early,12,.,_,1.62419841899237,39
TSS,.,0,100,0,TS,64_PP,early,12,.,_,1.20353707238533,39
TSS,.,0,100,0,TS,CPD,early,12,.,_,1.57113965987969,39
TSS,.,0,100,0,NTS,64_PP,early,12,.,_,1.26439317704207,40
TSS,.,0,100,0,NTS,CPD,early,12,.,_,1.56276330526143,40
TSS,.,0,100,0,TS,64_PP,early,12,.,_,1.1657761918013,40
TSS,.,0,100,0,TS,CPD,early,12,.,_,1.50263733957154,40
TSS,.,0,100,0,NTS,64_PP,early,12,.,_,1.21273359305,41
TSS,.,0,100,0,NTS,CPD,early,12,.,_,1.51607269938946,41
TSS,.,0,100,0,TS,64_PP,early,12,.,_,1.1754069400106,41
TSS,.,0,100,0,TS,CPD,early,12,.,_,1.59029687355305,41
TSS,.,0,100,0,NTS,64_PP,early,12,.,_,1.22640963694719,42
TSS,.,0,100,0,NTS,CPD,early,12,.,_,1.59136262765962,42
TSS,.,0,100,0,TS,64_PP,early,12,.,_,1.23325431677679,42
TSS,.,0,100,0,TS,CPD,early,12,.,_,1.57247810687818,42
TSS,.,0,100,0,NTS,64_PP,early,12,.,_,1.23860546201034,43
TSS,.,0,100,0,NTS,CPD,early,12,.,_,1.56718126862752,43
TSS,.,0,100,0,TS,64_PP,early,12,.,_,1.19095938540089,43
TSS,.,0,100,0,TS,CPD,early,12,.,_,1.53246808416032,43
TSS,.,0,100,0,NTS,64_PP,early,12,.,_,1.23511843468871,44
TSS,.,0,100,0,NTS,CPD,early,12,.,_,1.59050269726024,44
TSS,.,0,100,0,TS,64_PP,early,12,.,_,1.18571862015963,44
TSS,.,0,100,0,TS,CPD,early,12,.,_,1.5494733531651,44
TSS,.,0,100,0,NTS,64_PP,early,12,.,_,1.252134982085,45
TSS,.,0,100,0,NTS,CPD,early,12,.,_,1.54929662699134,45
TSS,.,0,100,0,TS,64_PP,early,12,.,_,1.18952879567403,45
TSS,.,0,100,0,TS,CPD,early,12,.,_,1.55124427814302,45
TSS,.,0,100,0,NTS,64_PP,early,12,.,_,1.24449420574971,46
TSS,.,0,100,0,NTS,CPD,early,12,.,_,1.58371474459791,46
TSS,.,0,100,0,TS,64_PP,early,12,.,_,1.18328439088816,46
TSS,.,0,100,0,TS,CPD,early,12,.,_,1.51372060930085,46
TSS,.,0,100,0,NTS,64_PP,early,12,.,_,1.24467680817902,47
TSS,.,0,100,0,NTS,CPD,early,12,.,_,1.56560040958018,47
TSS,.,0,100,0,TS,64_PP,early,12,.,_,1.1991860402352,47
TSS,.,0,100,0,TS,CPD,early,12,.,_,1.58108859745469,47
TSS,.,0,100,0,NTS,64_PP,early,12,.,_,1.25891330313615,48
TSS,.,0,100,0,NTS,CPD,early,12,.,_,1.57663600452524,48
TSS,.,0,100,0,TS,64_PP,early,12,.,_,1.15009156469478,48
TSS,.,0,100,0,TS,CPD,early,12,.,_,1.54412674919394,48
TSS,.,0,100,0,NTS,64_PP,early,12,.,_,1.14354863673083,-86
TSS,.,0,100,0,NTS,CPD,early,12,.,_,1.40255080138864,-86
TSS,.,0,100,0,TS,64_PP,early,12,.,_,1.12203922265101,-86
TSS,.,0,100,0,TS,CPD,early,12,.,_,1.37438682158433,-86
TSS,.,0,100,0,NTS,64_PP,early,12,.,_,1.24555807694159,49
TSS,.,0,100,0,NTS,CPD,early,12,.,_,1.51907343824793,49
TSS,.,0,100,0,TS,64_PP,early,12,.,_,1.20702557821627,49
TSS,.,0,100,0,TS,CPD,early,12,.,_,1.50602535222203,49
TSS,.,0,100,0,NTS,64_PP,early,12,.,_,1.2674225611652,50
TSS,.,0,100,0,NTS,CPD,early,12,.,_,1.54064330792099,50
TSS,.,0,100,0,TS,64_PP,early,12,.,_,1.21891117348799,50
TSS,.,0,100,0,TS,CPD,early,12,.,_,1.54266150776762,50
TSS,.,0,100,0,NTS,64_PP,early,12,.,_,1.22223959951799,51
TSS,.,0,100,0,NTS,CPD,early,12,.,_,1.52052689218726,51
TSS,.,0,100,0,TS,64_PP,early,12,.,_,1.15299132817005,51
TSS,.,0,100,0,TS,CPD,early,12,.,_,1.50041219666229,51
TSS,.,0,100,0,NTS,64_PP,early,12,.,_,1.25620124584707,52
TSS,.,0,100,0,NTS,CPD,early,12,.,_,1.52209313778704,52
TSS,.,0,100,0,TS,64_PP,early,12,.,_,1.21710529989905,52
TSS,.,0,100,0,TS,CPD,early,12,.,_,1.49452014632829,52
TSS,.,0,100,0,NTS,64_PP,early,12,.,_,1.22198774093639,53
TSS,.,0,100,0,NTS,CPD,early,12,.,_,1.59695944815549,53
TSS,.,0,100,0,TS,64_PP,early,12,.,_,1.1818155037911,53
TSS,.,0,100,0,TS,CPD,early,12,.,_,1.53523410301725,53
TSS,.,0,100,0,NTS,64_PP,early,12,.,_,1.23545494921525,54
TSS,.,0,100,0,NTS,CPD,early,12,.,_,1.55821399853813,54
TSS,.,0,100,0,TS,64_PP,early,12,.,_,1.20409789712931,54
TSS,.,0,100,0,TS,CPD,early,12,.,_,1.53793109125427,54
TSS,.,0,100,0,NTS,64_PP,early,12,.,_,1.23189339915482,55
TSS,.,0,100,0,NTS,CPD,early,12,.,_,1.52735867592504,55
TSS,.,0,100,0,TS,64_PP,early,12,.,_,1.17468638811956,55
TSS,.,0,100,0,TS,CPD,early,12,.,_,1.51458188162552,55
TSS,.,0,100,0,NTS,64_PP,early,12,.,_,1.21644037239506,56
TSS,.,0,100,0,NTS,CPD,early,12,.,_,1.52517691706935,56
TSS,.,0,100,0,TS,64_PP,early,12,.,_,1.16443057281253,56
TSS,.,0,100,0,TS,CPD,early,12,.,_,1.49070408305906,56
TSS,.,0,100,0,NTS,64_PP,early,12,.,_,1.2586503905613,57
TSS,.,0,100,0,NTS,CPD,early,12,.,_,1.4944988452247,57
TSS,.,0,100,0,TS,64_PP,early,12,.,_,1.18304892172697,57
TSS,.,0,100,0,TS,CPD,early,12,.,_,1.54435737311051,57
TSS,.,0,100,0,NTS,64_PP,early,12,.,_,1.2388302994529,58
TSS,.,0,100,0,NTS,CPD,early,12,.,_,1.52573919284449,58
TSS,.,0,100,0,TS,64_PP,early,12,.,_,1.14868604474645,58
TSS,.,0,100,0,TS,CPD,early,12,.,_,1.42085371655737,58
TSS,.,0,100,0,NTS,64_PP,early,12,.,_,1.16566796362897,-85
TSS,.,0,100,0,NTS,CPD,early,12,.,_,1.40154834789564,-85
TSS,.,0,100,0,TS,64_PP,early,12,.,_,1.16371839261201,-85
TSS,.,0,100,0,TS,CPD,early,12,.,_,1.41451156238117,-85
TSS,.,0,100,0,NTS,64_PP,early,12,.,_,1.24594371585791,59
TSS,.,0,100,0,NTS,CPD,early,12,.,_,1.4711917243239,59
TSS,.,0,100,0,TS,64_PP,early,12,.,_,1.18114504024194,59
TSS,.,0,100,0,TS,CPD,early,12,.,_,1.53586086708414,59
TSS,.,0,100,0,NTS,64_PP,early,12,.,_,1.24732890091759,60
TSS,.,0,100,0,NTS,CPD,early,12,.,_,1.49695803614599,60
TSS,.,0,100,0,TS,64_PP,early,12,.,_,1.17654630373149,60
TSS,.,0,100,0,TS,CPD,early,12,.,_,1.48715455757218,60
TSS,.,0,100,0,NTS,64_PP,early,12,.,_,1.21788681656502,61
TSS,.,0,100,0,NTS,CPD,early,12,.,_,1.48314553491189,61
TSS,.,0,100,0,TS,64_PP,early,12,.,_,1.17956420156233,61
TSS,.,0,100,0,TS,CPD,early,12,.,_,1.52073842233701,61
TSS,.,0,100,0,NTS,64_PP,early,12,.,_,1.24094150339202,62
TSS,.,0,100,0,NTS,CPD,early,12,.,_,1.52694566982787,62
TSS,.,0,100,0,TS,64_PP,early,12,.,_,1.18803224539656,62
TSS,.,0,100,0,TS,CPD,early,12,.,_,1.48957014831589,62
TSS,.,0,100,0,NTS,64_PP,early,12,.,_,1.21050069313429,63
TSS,.,0,100,0,NTS,CPD,early,12,.,_,1.49159012235307,63
TSS,.,0,100,0,TS,64_PP,early,12,.,_,1.16261901404404,63
TSS,.,0,100,0,TS,CPD,early,12,.,_,1.49406209386396,63
TSS,.,0,100,0,NTS,64_PP,early,12,.,_,1.23158232315795,64
TSS,.,0,100,0,NTS,CPD,early,12,.,_,1.5296317766859,64
TSS,.,0,100,0,TS,64_PP,early,12,.,_,1.17411903789904,64
TSS,.,0,100,0,TS,CPD,early,12,.,_,1.4912320811682,64
TSS,.,0,100,0,NTS,64_PP,early,12,.,_,1.22214201951282,65
TSS,.,0,100,0,NTS,CPD,early,12,.,_,1.51108584042823,65
TSS,.,0,100,0,TS,64_PP,early,12,.,_,1.20255119004421,65
TSS,.,0,100,0,TS,CPD,early,12,.,_,1.54105241805523,65
TSS,.,0,100,0,NTS,64_PP,early,12,.,_,1.19207784202066,66
TSS,.,0,100,0,NTS,CPD,early,12,.,_,1.53810541628665,66
TSS,.,0,100,0,TS,64_PP,early,12,.,_,1.17626069455065,66
TSS,.,0,100,0,TS,CPD,early,12,.,_,1.4884678983224,66
TSS,.,0,100,0,NTS,64_PP,early,12,.,_,1.24908955691436,67
TSS,.,0,100,0,NTS,CPD,early,12,.,_,1.48003188040315,67
TSS,.,0,100,0,TS,64_PP,early,12,.,_,1.1511173723116,67
TSS,.,0,100,0,TS,CPD,early,12,.,_,1.45878914628104,67
TSS,.,0,100,0,NTS,64_PP,early,12,.,_,1.20027127515282,68
TSS,.,0,100,0,NTS,CPD,early,12,.,_,1.45561042620476,68
TSS,.,0,100,0,TS,64_PP,early,12,.,_,1.15728255082707,68
TSS,.,0,100,0,TS,CPD,early,12,.,_,1.48692211886863,68
TSS,.,0,100,0,NTS,64_PP,early,12,.,_,1.14068914021482,-84
TSS,.,0,100,0,NTS,CPD,early,12,.,_,1.36565059343224,-84
TSS,.,0,100,0,TS,64_PP,early,12,.,_,1.13109419047747,-84
TSS,.,0,100,0,TS,CPD,early,12,.,_,1.40501358757839,-84
TSS,.,0,100,0,NTS,64_PP,early,12,.,_,1.20967143308134,69
TSS,.,0,100,0,NTS,CPD,early,12,.,_,1.48953073696297,69
TSS,.,0,100,0,TS,64_PP,early,12,.,_,1.1500277739673,69
TSS,.,0,100,0,TS,CPD,early,12,.,_,1.47059435099919,69
TSS,.,0,100,0,NTS,64_PP,early,12,.,_,1.22630616171211,70
TSS,.,0,100,0,NTS,CPD,early,12,.,_,1.46339226518292,70
TSS,.,0,100,0,TS,64_PP,early,12,.,_,1.16252818785006,70
TSS,.,0,100,0,TS,CPD,early,12,.,_,1.48794388216387,70
TSS,.,0,100,0,NTS,64_PP,early,12,.,_,1.24872817535778,71
TSS,.,0,100,0,NTS,CPD,early,12,.,_,1.49349666987658,71
TSS,.,0,100,0,TS,64_PP,early,12,.,_,1.17547997642453,71
TSS,.,0,100,0,TS,CPD,early,12,.,_,1.50482904250143,71
TSS,.,0,100,0,NTS,64_PP,early,12,.,_,1.21996234148256,72
TSS,.,0,100,0,NTS,CPD,early,12,.,_,1.49597140912199,72
TSS,.,0,100,0,TS,64_PP,early,12,.,_,1.17091591894935,72
TSS,.,0,100,0,TS,CPD,early,12,.,_,1.47131555918477,72
TSS,.,0,100,0,NTS,64_PP,early,12,.,_,1.22561023423956,73
TSS,.,0,100,0,NTS,CPD,early,12,.,_,1.48730865620691,73
TSS,.,0,100,0,TS,64_PP,early,12,.,_,1.20270781728167,73
TSS,.,0,100,0,TS,CPD,early,12,.,_,1.48683987643471,73
TSS,.,0,100,0,NTS,64_PP,early,12,.,_,1.19961382591401,74
TSS,.,0,100,0,NTS,CPD,early,12,.,_,1.43124778780034,74
TSS,.,0,100,0,TS,64_PP,early,12,.,_,1.15426783323717,74
TSS,.,0,100,0,TS,CPD,early,12,.,_,1.47882723848068,74
TSS,.,0,100,0,NTS,64_PP,early,12,.,_,1.18846141279096,75
TSS,.,0,100,0,NTS,CPD,early,12,.,_,1.47940244560131,75
TSS,.,0,100,0,TS,64_PP,early,12,.,_,1.1520497460364,75
TSS,.,0,100,0,TS,CPD,early,12,.,_,1.45635756356656,75
TSS,.,0,100,0,NTS,64_PP,early,12,.,_,1.20495878135004,76
TSS,.,0,100,0,NTS,CPD,early,12,.,_,1.52249114072107,76
TSS,.,0,100,0,TS,64_PP,early,12,.,_,1.1628504424703,76
TSS,.,0,100,0,TS,CPD,early,12,.,_,1.44244874136688,76
TSS,.,0,100,0,NTS,64_PP,early,12,.,_,1.19826413992193,77
TSS,.,0,100,0,NTS,CPD,early,12,.,_,1.51010654970738,77
TSS,.,0,100,0,TS,64_PP,early,12,.,_,1.15483832018049,77
TSS,.,0,100,0,TS,CPD,early,12,.,_,1.48888165917239,77
TSS,.,0,100,0,NTS,64_PP,early,12,.,_,1.21987005895181,78
TSS,.,0,100,0,NTS,CPD,early,12,.,_,1.45882468287789,78
TSS,.,0,100,0,TS,64_PP,early,12,.,_,1.15234481744689,78
TSS,.,0,100,0,TS,CPD,early,12,.,_,1.49237874779777,78
TSS,.,0,100,0,NTS,64_PP,early,12,.,_,1.14168921992264,-83
TSS,.,0,100,0,NTS,CPD,early,12,.,_,1.41729407185162,-83
TSS,.,0,100,0,TS,64_PP,early,12,.,_,1.16238286748658,-83
TSS,.,0,100,0,TS,CPD,early,12,.,_,1.37818850659255,-83
TSS,.,0,100,0,NTS,64_PP,early,12,.,_,1.21810148917771,79
TSS,.,0,100,0,NTS,CPD,early,12,.,_,1.44086860016837,79
TSS,.,0,100,0,TS,64_PP,early,12,.,_,1.1616313330191,79
TSS,.,0,100,0,TS,CPD,early,12,.,_,1.43342321353591,79
TSS,.,0,100,0,NTS,64_PP,early,12,.,_,1.22704237198898,80
TSS,.,0,100,0,NTS,CPD,early,12,.,_,1.48855633539014,80
TSS,.,0,100,0,TS,64_PP,early,12,.,_,1.14345812519852,80
TSS,.,0,100,0,TS,CPD,early,12,.,_,1.47641458982767,80
TSS,.,0,100,0,NTS,64_PP,early,12,.,_,1.21871123211085,81
TSS,.,0,100,0,NTS,CPD,early,12,.,_,1.49151752341595,81
TSS,.,0,100,0,TS,64_PP,early,12,.,_,1.193976962368,81
TSS,.,0,100,0,TS,CPD,early,12,.,_,1.43878999839291,81
TSS,.,0,100,0,NTS,64_PP,early,12,.,_,1.16866950914401,82
TSS,.,0,100,0,NTS,CPD,early,12,.,_,1.46147950878957,82
TSS,.,0,100,0,TS,64_PP,early,12,.,_,1.17870245980654,82
TSS,.,0,100,0,TS,CPD,early,12,.,_,1.4685127430362,82
TSS,.,0,100,0,NTS,64_PP,early,12,.,_,1.18307542586954,83
TSS,.,0,100,0,NTS,CPD,early,12,.,_,1.40539836456312,83
TSS,.,0,100,0,TS,64_PP,early,12,.,_,1.13218085392886,83
TSS,.,0,100,0,TS,CPD,early,12,.,_,1.42815724908421,83
TSS,.,0,100,0,NTS,64_PP,early,12,.,_,1.1993395893749,84
TSS,.,0,100,0,NTS,CPD,early,12,.,_,1.45780605183623,84
TSS,.,0,100,0,TS,64_PP,early,12,.,_,1.16842223305694,84
TSS,.,0,100,0,TS,CPD,early,12,.,_,1.47693765469657,84
TSS,.,0,100,0,NTS,64_PP,early,12,.,_,1.16945566319046,85
TSS,.,0,100,0,NTS,CPD,early,12,.,_,1.4718328619958,85
TSS,.,0,100,0,TS,64_PP,early,12,.,_,1.13526947581502,85
TSS,.,0,100,0,TS,CPD,early,12,.,_,1.51168429064173,85
TSS,.,0,100,0,NTS,64_PP,early,12,.,_,1.18537437538894,86
TSS,.,0,100,0,NTS,CPD,early,12,.,_,1.43235064178932,86
TSS,.,0,100,0,TS,64_PP,early,12,.,_,1.16843846970896,86
TSS,.,0,100,0,TS,CPD,early,12,.,_,1.41975773076256,86
TSS,.,0,100,0,NTS,64_PP,early,12,.,_,1.18143534888485,87
TSS,.,0,100,0,NTS,CPD,early,12,.,_,1.47725630854475,87
TSS,.,0,100,0,TS,64_PP,early,12,.,_,1.16678624826673,87
TSS,.,0,100,0,TS,CPD,early,12,.,_,1.44772819118258,87
TSS,.,0,100,0,NTS,64_PP,early,12,.,_,1.19791633473196,88
TSS,.,0,100,0,NTS,CPD,early,12,.,_,1.48768119570391,88
TSS,.,0,100,0,TS,64_PP,early,12,.,_,1.16279044846546,88
TSS,.,0,100,0,TS,CPD,early,12,.,_,1.47826760546374,88
TSS,.,0,100,0,NTS,64_PP,early,12,.,_,1.12845498041167,-82
TSS,.,0,100,0,NTS,CPD,early,12,.,_,1.39061490263911,-82
TSS,.,0,100,0,TS,64_PP,early,12,.,_,1.11809637874538,-82
TSS,.,0,100,0,TS,CPD,early,12,.,_,1.3828367406509,-82
TSS,.,0,100,0,NTS,64_PP,early,12,.,_,1.217593123281,89
TSS,.,0,100,0,NTS,CPD,early,12,.,_,1.41655745986516,89
TSS,.,0,100,0,TS,64_PP,early,12,.,_,1.13753764104348,89
TSS,.,0,100,0,TS,CPD,early,12,.,_,1.45870949602535,89
TSS,.,0,100,0,NTS,64_PP,early,12,.,_,1.1719278936793,90
TSS,.,0,100,0,NTS,CPD,early,12,.,_,1.46201685504751,90
TSS,.,0,100,0,TS,64_PP,early,12,.,_,1.20125059478751,90
TSS,.,0,100,0,TS,CPD,early,12,.,_,1.49372631149872,90
TSS,.,0,100,0,NTS,64_PP,early,12,.,_,1.19957413957971,91
TSS,.,0,100,0,NTS,CPD,early,12,.,_,1.49055847432989,91
TSS,.,0,100,0,TS,64_PP,early,12,.,_,1.17406769766732,91
TSS,.,0,100,0,TS,CPD,early,12,.,_,1.49687605195881,91
TSS,.,0,100,0,NTS,64_PP,early,12,.,_,1.20674179946016,92
TSS,.,0,100,0,NTS,CPD,early,12,.,_,1.45610899086977,92
TSS,.,0,100,0,TS,64_PP,early,12,.,_,1.17995491443848,92
TSS,.,0,100,0,TS,CPD,early,12,.,_,1.48610654966214,92
TSS,.,0,100,0,NTS,64_PP,early,12,.,_,1.23416234743778,93
TSS,.,0,100,0,NTS,CPD,early,12,.,_,1.48606595274229,93
TSS,.,0,100,0,TS,64_PP,early,12,.,_,1.13358869238094,93
TSS,.,0,100,0,TS,CPD,early,12,.,_,1.45467163288406,93
TSS,.,0,100,0,NTS,64_PP,early,12,.,_,1.20408890864098,94
TSS,.,0,100,0,NTS,CPD,early,12,.,_,1.44656740029865,94
TSS,.,0,100,0,TS,64_PP,early,12,.,_,1.16992347863389,94
TSS,.,0,100,0,TS,CPD,early,12,.,_,1.4452560294483,94
TSS,.,0,100,0,NTS,64_PP,early,12,.,_,1.19533166595457,95
TSS,.,0,100,0,NTS,CPD,early,12,.,_,1.45419271548457,95
TSS,.,0,100,0,TS,64_PP,early,12,.,_,1.16879029885481,95
TSS,.,0,100,0,TS,CPD,early,12,.,_,1.48845309275813,95
TSS,.,0,100,0,NTS,64_PP,early,12,.,_,1.18219638302932,96
TSS,.,0,100,0,NTS,CPD,early,12,.,_,1.4595535121559,96
TSS,.,0,100,0,TS,64_PP,early,12,.,_,1.18227414763341,96
TSS,.,0,100,0,TS,CPD,early,12,.,_,1.49832363945437,96
TSS,.,0,100,0,NTS,64_PP,early,12,.,_,1.2002760645816,97
TSS,.,0,100,0,NTS,CPD,early,12,.,_,1.46047104662071,97
TSS,.,0,100,0,TS,64_PP,early,12,.,_,1.16110591945753,97
TSS,.,0,100,0,TS,CPD,early,12,.,_,1.45135134235653,97
TSS,.,0,100,0,NTS,64_PP,early,12,.,_,1.22910636806455,98
TSS,.,0,100,0,NTS,CPD,early,12,.,_,1.46450258236089,98
TSS,.,0,100,0,TS,64_PP,early,12,.,_,1.13428857455495,98
TSS,.,0,100,0,TS,CPD,early,12,.,_,1.40801831535771,98
TSS,.,0,100,0,NTS,64_PP,early,12,.,_,1.13196279536532,-99
TSS,.,0,100,0,NTS,CPD,early,12,.,_,1.37515628395421,-99
TSS,.,0,100,0,TS,64_PP,early,12,.,_,1.15681056385725,-99
TSS,.,0,100,0,TS,CPD,early,12,.,_,1.3777152281027,-99
TSS,.,0,100,0,NTS,64_PP,early,12,.,_,1.14001965829489,-81
TSS,.,0,100,0,NTS,CPD,early,12,.,_,1.32940214177462,-81
TSS,.,0,100,0,TS,64_PP,early,12,.,_,1.13031240456186,-81
TSS,.,0,100,0,TS,CPD,early,12,.,_,1.4059395066884,-81
TSS,.,0,100,0,NTS,64_PP,early,12,.,_,1.20287956694282,99
TSS,.,0,100,0,NTS,CPD,early,12,.,_,1.41669187936806,99
TSS,.,0,100,0,TS,64_PP,early,12,.,_,1.12202235529788,99
TSS,.,0,100,0,TS,CPD,early,12,.,_,1.45650009703966,99
TSS,.,0,100,0,NTS,64_PP,early,12,.,_,1.19252656209914,100
TSS,.,0,100,0,NTS,CPD,early,12,.,_,1.46914011710394,100
TSS,.,0,100,0,TS,64_PP,early,12,.,_,1.17263635125279,100
TSS,.,0,100,0,TS,CPD,early,12,.,_,1.41788313848063,100
TSS,.,0,100,0,NTS,64_PP,early,12,.,_,1.14101937609423,-80
TSS,.,0,100,0,NTS,CPD,early,12,.,_,1.41446961180184,-80
TSS,.,0,100,0,TS,64_PP,early,12,.,_,1.09631755966418,-80
TSS,.,0,100,0,TS,CPD,early,12,.,_,1.38574609620965,-80
TSS,.,0,100,0,NTS,64_PP,early,12,.,_,1.10689726914809,-79
TSS,.,0,100,0,NTS,CPD,early,12,.,_,1.36180204747734,-79
TSS,.,0,100,0,TS,64_PP,early,12,.,_,1.1437621792981,-79
TSS,.,0,100,0,TS,CPD,early,12,.,_,1.3845043114995,-79
TSS,.,0,100,0,NTS,64_PP,early,12,.,_,1.11214258332646,-78
TSS,.,0,100,0,NTS,CPD,early,12,.,_,1.3669183682545,-78
TSS,.,0,100,0,TS,64_PP,early,12,.,_,1.17899009268995,-78
TSS,.,0,100,0,TS,CPD,early,12,.,_,1.3673619772595,-78
TSS,.,0,100,0,NTS,64_PP,early,12,.,_,1.13341702363769,-77
TSS,.,0,100,0,NTS,CPD,early,12,.,_,1.36931992573999,-77
TSS,.,0,100,0,TS,64_PP,early,12,.,_,1.12506569362511,-77
TSS,.,0,100,0,TS,CPD,early,12,.,_,1.37404348814889,-77
TSS,.,0,100,0,NTS,64_PP,early,12,.,_,1.14792536640457,-76
TSS,.,0,100,0,NTS,CPD,early,12,.,_,1.41036323045262,-76
TSS,.,0,100,0,TS,64_PP,early,12,.,_,1.12004763169045,-76
TSS,.,0,100,0,TS,CPD,early,12,.,_,1.37794162323534,-76
TSS,.,0,100,0,NTS,64_PP,early,12,.,_,1.13476903265332,-75
TSS,.,0,100,0,NTS,CPD,early,12,.,_,1.40166311166609,-75
TSS,.,0,100,0,TS,64_PP,early,12,.,_,1.18303627800483,-75
TSS,.,0,100,0,TS,CPD,early,12,.,_,1.35414043590137,-75
TSS,.,0,100,0,NTS,64_PP,early,12,.,_,1.16850518118725,-74
TSS,.,0,100,0,NTS,CPD,early,12,.,_,1.45896345016634,-74
TSS,.,0,100,0,TS,64_PP,early,12,.,_,1.11925406575512,-74
TSS,.,0,100,0,TS,CPD,early,12,.,_,1.35482412056056,-74
TSS,.,0,100,0,NTS,64_PP,early,12,.,_,1.15740989788337,-73
TSS,.,0,100,0,NTS,CPD,early,12,.,_,1.45735187385497,-73
TSS,.,0,100,0,TS,64_PP,early,12,.,_,1.15450705957945,-73
TSS,.,0,100,0,TS,CPD,early,12,.,_,1.39777726445623,-73
TSS,.,0,100,0,NTS,64_PP,early,12,.,_,1.15920209858443,-72
TSS,.,0,100,0,NTS,CPD,early,12,.,_,1.39244922934286,-72
TSS,.,0,100,0,TS,64_PP,early,12,.,_,1.10031381605157,-72
TSS,.,0,100,0,TS,CPD,early,12,.,_,1.35717536286935,-72
TSS,.,0,100,0,NTS,64_PP,early,12,.,_,1.12862450413433,-98
TSS,.,0,100,0,NTS,CPD,early,12,.,_,1.3286466588013,-98
TSS,.,0,100,0,TS,64_PP,early,12,.,_,1.14422823630087,-98
TSS,.,0,100,0,TS,CPD,early,12,.,_,1.37742964843283,-98
TSS,.,0,100,0,NTS,64_PP,early,12,.,_,1.15407531628142,-71
TSS,.,0,100,0,NTS,CPD,early,12,.,_,1.36034340589767,-71
TSS,.,0,100,0,TS,64_PP,early,12,.,_,1.13209268248646,-71
TSS,.,0,100,0,TS,CPD,early,12,.,_,1.38401894234531,-71
TSS,.,0,100,0,NTS,64_PP,early,12,.,_,1.13584202168115,-70
TSS,.,0,100,0,NTS,CPD,early,12,.,_,1.34409675551107,-70
TSS,.,0,100,0,TS,64_PP,early,12,.,_,1.1435342610118,-70
TSS,.,0,100,0,TS,CPD,early,12,.,_,1.34171513617998,-70
TSS,.,0,100,0,NTS,64_PP,early,12,.,_,1.13182774054583,-69
TSS,.,0,100,0,NTS,CPD,early,12,.,_,1.40812350696692,-69
TSS,.,0,100,0,TS,64_PP,early,12,.,_,1.1384020915293,-69
TSS,.,0,100,0,TS,CPD,early,12,.,_,1.44003553383505,-69
TSS,.,0,100,0,NTS,64_PP,early,12,.,_,1.1256040597333,-68
TSS,.,0,100,0,NTS,CPD,early,12,.,_,1.39809477701472,-68
TSS,.,0,100,0,TS,64_PP,early,12,.,_,1.1448575244684,-68
TSS,.,0,100,0,TS,CPD,early,12,.,_,1.38677496867181,-68
TSS,.,0,100,0,NTS,64_PP,early,12,.,_,1.16934876828404,-67
TSS,.,0,100,0,NTS,CPD,early,12,.,_,1.44929941054135,-67
TSS,.,0,100,0,TS,64_PP,early,12,.,_,1.14639163286096,-67
TSS,.,0,100,0,TS,CPD,early,12,.,_,1.38291642599767,-67
TSS,.,0,100,0,NTS,64_PP,early,12,.,_,1.14387727805015,-66
TSS,.,0,100,0,NTS,CPD,early,12,.,_,1.44049770627315,-66
TSS,.,0,100,0,TS,64_PP,early,12,.,_,1.15403924332046,-66
TSS,.,0,100,0,TS,CPD,early,12,.,_,1.36030101421107,-66
TSS,.,0,100,0,NTS,64_PP,early,12,.,_,1.17297699814648,-65
TSS,.,0,100,0,NTS,CPD,early,12,.,_,1.36235991461913,-65
TSS,.,0,100,0,TS,64_PP,early,12,.,_,1.15429575828364,-65
TSS,.,0,100,0,TS,CPD,early,12,.,_,1.41004220491382,-65
TSS,.,0,100,0,NTS,64_PP,early,12,.,_,1.13534044037018,-64
TSS,.,0,100,0,NTS,CPD,early,12,.,_,1.40206955370143,-64
TSS,.,0,100,0,TS,64_PP,early,12,.,_,1.14647412528365,-64
TSS,.,0,100,0,TS,CPD,early,12,.,_,1.40074903400514,-64
TSS,.,0,100,0,NTS,64_PP,early,12,.,_,1.15850121630959,-63
TSS,.,0,100,0,NTS,CPD,early,12,.,_,1.40789517415349,-63
TSS,.,0,100,0,TS,64_PP,early,12,.,_,1.16412082138561,-63
TSS,.,0,100,0,TS,CPD,early,12,.,_,1.34839145514994,-63
TSS,.,0,100,0,NTS,64_PP,early,12,.,_,1.14875106647678,-62
TSS,.,0,100,0,NTS,CPD,early,12,.,_,1.40211678623474,-62
TSS,.,0,100,0,TS,64_PP,early,12,.,_,1.11693265866876,-62
TSS,.,0,100,0,TS,CPD,early,12,.,_,1.34976657286733,-62
TSS,.,0,100,0,NTS,64_PP,early,12,.,_,1.13353310507698,-97
TSS,.,0,100,0,NTS,CPD,early,12,.,_,1.34112845511903,-97
TSS,.,0,100,0,TS,64_PP,early,12,.,_,1.13547152430635,-97
TSS,.,0,100,0,TS,CPD,early,12,.,_,1.35476289546274,-97
TSS,.,0,100,0,NTS,64_PP,early,12,.,_,1.15022364764365,-61
TSS,.,0,100,0,NTS,CPD,early,12,.,_,1.39890125536719,-61
TSS,.,0,100,0,TS,64_PP,early,12,.,_,1.16203408195491,-61
TSS,.,0,100,0,TS,CPD,early,12,.,_,1.40419271632153,-61
TSS,.,0,100,0,NTS,64_PP,early,12,.,_,1.18424377550345,-60
TSS,.,0,100,0,NTS,CPD,early,12,.,_,1.42880433096011,-60
TSS,.,0,100,0,TS,64_PP,early,12,.,_,1.14776453551924,-60
TSS,.,0,100,0,TS,CPD,early,12,.,_,1.40268276865088,-60
TSS,.,0,100,0,NTS,64_PP,early,12,.,_,1.14010787248998,-59
TSS,.,0,100,0,NTS,CPD,early,12,.,_,1.38503268613387,-59
TSS,.,0,100,0,TS,64_PP,early,12,.,_,1.12845775897163,-59
TSS,.,0,100,0,TS,CPD,early,12,.,_,1.41346630859886,-59
TSS,.,0,100,0,NTS,64_PP,early,12,.,_,1.1421050060664,-58
TSS,.,0,100,0,NTS,CPD,early,12,.,_,1.39349248537121,-58
TSS,.,0,100,0,TS,64_PP,early,12,.,_,1.1853801073492,-58
TSS,.,0,100,0,TS,CPD,early,12,.,_,1.39758829226067,-58
TSS,.,0,100,0,NTS,64_PP,early,12,.,_,1.19580774296076,-57
TSS,.,0,100,0,NTS,CPD,early,12,.,_,1.40073426826121,-57
TSS,.,0,100,0,TS,64_PP,early,12,.,_,1.15441679170697,-57
TSS,.,0,100,0,TS,CPD,early,12,.,_,1.43995168453532,-57
TSS,.,0,100,0,NTS,64_PP,early,12,.,_,1.12100435741893,-56
TSS,.,0,100,0,NTS,CPD,early,12,.,_,1.4457123815943,-56
TSS,.,0,100,0,TS,64_PP,early,12,.,_,1.12757010136474,-56
TSS,.,0,100,0,TS,CPD,early,12,.,_,1.44215592856654,-56
TSS,.,0,100,0,NTS,64_PP,early,12,.,_,1.17683247080409,-55
TSS,.,0,100,0,NTS,CPD,early,12,.,_,1.46538610600374,-55
TSS,.,0,100,0,TS,64_PP,early,12,.,_,1.13379319438963,-55
TSS,.,0,100,0,TS,CPD,early,12,.,_,1.41220949195392,-55
TSS,.,0,100,0,NTS,64_PP,early,12,.,_,1.14656969237203,-54
TSS,.,0,100,0,NTS,CPD,early,12,.,_,1.43405681973097,-54
TSS,.,0,100,0,TS,64_PP,early,12,.,_,1.15806252159589,-54
TSS,.,0,100,0,TS,CPD,early,12,.,_,1.4148383349845,-54
TSS,.,0,100,0,NTS,64_PP,early,12,.,_,1.15606349767928,-53
TSS,.,0,100,0,NTS,CPD,early,12,.,_,1.42605789857003,-53
TSS,.,0,100,0,TS,64_PP,early,12,.,_,1.16345071299542,-53
TSS,.,0,100,0,TS,CPD,early,12,.,_,1.39586620960349,-53
TSS,.,0,100,0,NTS,64_PP,early,12,.,_,1.14630036179975,-52
TSS,.,0,100,0,NTS,CPD,early,12,.,_,1.44105152605246,-52
TSS,.,0,100,0,TS,64_PP,early,12,.,_,1.15252660799815,-52
TSS,.,0,100,0,TS,CPD,early,12,.,_,1.43241815695066,-52
TSS,.,0,100,0,NTS,64_PP,early,12,.,_,1.14546140754533,-96
TSS,.,0,100,0,NTS,CPD,early,12,.,_,1.39867394406969,-96
TSS,.,0,100,0,TS,64_PP,early,12,.,_,1.12154801537464,-96
TSS,.,0,100,0,TS,CPD,early,12,.,_,1.33299223499935,-96
TSS,.,0,100,0,NTS,64_PP,early,12,.,_,1.14286190255927,-51
TSS,.,0,100,0,NTS,CPD,early,12,.,_,1.41818803887353,-51
TSS,.,0,100,0,TS,64_PP,early,12,.,_,1.17256990388498,-51
TSS,.,0,100,0,TS,CPD,early,12,.,_,1.43852251138396,-51
TSS,.,0,100,0,NTS,64_PP,early,12,.,_,1.14386824579523,-50
TSS,.,0,100,0,NTS,CPD,early,12,.,_,1.40845053518177,-50
TSS,.,0,100,0,TS,64_PP,early,12,.,_,1.15657284393308,-50
TSS,.,0,100,0,TS,CPD,early,12,.,_,1.3632043182508,-50
TSS,.,0,100,0,NTS,64_PP,early,12,.,_,1.16841038776431,-49
TSS,.,0,100,0,NTS,CPD,early,12,.,_,1.48359332509228,-49
TSS,.,0,100,0,TS,64_PP,early,12,.,_,1.14430875034934,-49
TSS,.,0,100,0,TS,CPD,early,12,.,_,1.43845271809106,-49
TSS,.,0,100,0,NTS,64_PP,early,12,.,_,1.17989023393572,-48
TSS,.,0,100,0,NTS,CPD,early,12,.,_,1.44105785599739,-48
TSS,.,0,100,0,TS,64_PP,early,12,.,_,1.1554442276607,-48
TSS,.,0,100,0,TS,CPD,early,12,.,_,1.44913958295773,-48
TSS,.,0,100,0,NTS,64_PP,early,12,.,_,1.13885261597912,-47
TSS,.,0,100,0,NTS,CPD,early,12,.,_,1.46748327834328,-47
TSS,.,0,100,0,TS,64_PP,early,12,.,_,1.15986014957005,-47
TSS,.,0,100,0,TS,CPD,early,12,.,_,1.43947791217364,-47
TSS,.,0,100,0,NTS,64_PP,early,12,.,_,1.13424260823191,-46
TSS,.,0,100,0,NTS,CPD,early,12,.,_,1.404492661364,-46
TSS,.,0,100,0,TS,64_PP,early,12,.,_,1.13860281812416,-46
TSS,.,0,100,0,TS,CPD,early,12,.,_,1.46099041811317,-46
TSS,.,0,100,0,NTS,64_PP,early,12,.,_,1.13227170654076,-45
TSS,.,0,100,0,NTS,CPD,early,12,.,_,1.43795638811754,-45
TSS,.,0,100,0,TS,64_PP,early,12,.,_,1.16365542695915,-45
TSS,.,0,100,0,TS,CPD,early,12,.,_,1.42234840848562,-45
TSS,.,0,100,0,NTS,64_PP,early,12,.,_,1.13776314619594,-44
TSS,.,0,100,0,NTS,CPD,early,12,.,_,1.44697120536363,-44
TSS,.,0,100,0,TS,64_PP,early,12,.,_,1.16743314079368,-44
TSS,.,0,100,0,TS,CPD,early,12,.,_,1.44420831794332,-44
TSS,.,0,100,0,NTS,64_PP,early,12,.,_,1.13949678130916,-43
TSS,.,0,100,0,NTS,CPD,early,12,.,_,1.40916244725663,-43
TSS,.,0,100,0,TS,64_PP,early,12,.,_,1.15554322269875,-43
TSS,.,0,100,0,TS,CPD,early,12,.,_,1.39310951958186,-43
TSS,.,0,100,0,NTS,64_PP,early,12,.,_,1.19594737571616,-42
TSS,.,0,100,0,NTS,CPD,early,12,.,_,1.44920161168107,-42
TSS,.,0,100,0,TS,64_PP,early,12,.,_,1.15512514770007,-42
TSS,.,0,100,0,TS,CPD,early,12,.,_,1.4285564796039,-42
TSS,.,0,100,0,NTS,64_PP,early,12,.,_,1.15843611880532,-95
TSS,.,0,100,0,NTS,CPD,early,12,.,_,1.40675101498229,-95
TSS,.,0,100,0,TS,64_PP,early,12,.,_,1.13810931574588,-95
TSS,.,0,100,0,TS,CPD,early,12,.,_,1.44333846963766,-95
TSS,.,0,100,0,NTS,64_PP,early,12,.,_,1.16479494422647,-41
TSS,.,0,100,0,NTS,CPD,early,12,.,_,1.36910910508017,-41
TSS,.,0,100,0,TS,64_PP,early,12,.,_,1.17080842717985,-41
TSS,.,0,100,0,TS,CPD,early,12,.,_,1.42321429757533,-41
TSS,.,0,100,0,NTS,64_PP,early,12,.,_,1.15158089798495,-40
TSS,.,0,100,0,NTS,CPD,early,12,.,_,1.39200172884972,-40
TSS,.,0,100,0,TS,64_PP,early,12,.,_,1.15958074555622,-40
TSS,.,0,100,0,TS,CPD,early,12,.,_,1.44628626595283,-40
TSS,.,0,100,0,NTS,64_PP,early,12,.,_,1.15930570407603,-39
TSS,.,0,100,0,NTS,CPD,early,12,.,_,1.43893974537129,-39
TSS,.,0,100,0,TS,64_PP,early,12,.,_,1.16197370450393,-39
TSS,.,0,100,0,TS,CPD,early,12,.,_,1.42018326760783,-39
TSS,.,0,100,0,NTS,64_PP,early,12,.,_,1.17434073487648,-38
TSS,.,0,100,0,NTS,CPD,early,12,.,_,1.47097558971983,-38
TSS,.,0,100,0,TS,64_PP,early,12,.,_,1.17606069107392,-38
TSS,.,0,100,0,TS,CPD,early,12,.,_,1.454591256034,-38
TSS,.,0,100,0,NTS,64_PP,early,12,.,_,1.18307916494302,-37
TSS,.,0,100,0,NTS,CPD,early,12,.,_,1.45887588868196,-37
TSS,.,0,100,0,TS,64_PP,early,12,.,_,1.17321208346357,-37
TSS,.,0,100,0,TS,CPD,early,12,.,_,1.51426009450279,-37
TSS,.,0,100,0,NTS,64_PP,early,12,.,_,1.17393842884503,-36
TSS,.,0,100,0,NTS,CPD,early,12,.,_,1.42843513278547,-36
TSS,.,0,100,0,TS,64_PP,early,12,.,_,1.16183317105886,-36
TSS,.,0,100,0,TS,CPD,early,12,.,_,1.47789418179606,-36
TSS,.,0,100,0,NTS,64_PP,early,12,.,_,1.16807784405368,-35
TSS,.,0,100,0,NTS,CPD,early,12,.,_,1.47554642859366,-35
TSS,.,0,100,0,TS,64_PP,early,12,.,_,1.15782975933005,-35
TSS,.,0,100,0,TS,CPD,early,12,.,_,1.46715387479148,-35
TSS,.,0,100,0,NTS,64_PP,early,12,.,_,1.20216507632129,-34
TSS,.,0,100,0,NTS,CPD,early,12,.,_,1.42429746980561,-34
TSS,.,0,100,0,TS,64_PP,early,12,.,_,1.18886005082502,-34
TSS,.,0,100,0,TS,CPD,early,12,.,_,1.46845595426703,-34
TSS,.,0,100,0,NTS,64_PP,early,12,.,_,1.18888583494617,-33
TSS,.,0,100,0,NTS,CPD,early,12,.,_,1.48491652066012,-33
TSS,.,0,100,0,TS,64_PP,early,12,.,_,1.16401951455546,-33
TSS,.,0,100,0,TS,CPD,early,12,.,_,1.48270389887472,-33
TSS,.,0,100,0,NTS,64_PP,early,12,.,_,1.21105601982539,-32
TSS,.,0,100,0,NTS,CPD,early,12,.,_,1.48033444998153,-32
TSS,.,0,100,0,TS,64_PP,early,12,.,_,1.20400484965682,-32
TSS,.,0,100,0,TS,CPD,early,12,.,_,1.46122259731235,-32
TSS,.,0,100,0,NTS,64_PP,early,12,.,_,1.13947846164171,-94
TSS,.,0,100,0,NTS,CPD,early,12,.,_,1.43507248813444,-94
TSS,.,0,100,0,TS,64_PP,early,12,.,_,1.16357767703712,-94
TSS,.,0,100,0,TS,CPD,early,12,.,_,1.35759647600587,-94
TSS,.,0,100,0,NTS,64_PP,early,12,.,_,1.17367584654025,-31
TSS,.,0,100,0,NTS,CPD,early,12,.,_,1.43912974126831,-31
TSS,.,0,100,0,TS,64_PP,early,12,.,_,1.21933287225774,-31
TSS,.,0,100,0,TS,CPD,early,12,.,_,1.5243777412207,-31
TSS,.,0,100,0,NTS,64_PP,early,12,.,_,1.18927792584074,-30
TSS,.,0,100,0,NTS,CPD,early,12,.,_,1.51171468079341,-30
TSS,.,0,100,0,TS,64_PP,early,12,.,_,1.21558630969541,-30
TSS,.,0,100,0,TS,CPD,early,12,.,_,1.52717429257028,-30
TSS,.,0,100,0,NTS,64_PP,early,12,.,_,1.19925234371654,-29
TSS,.,0,100,0,NTS,CPD,early,12,.,_,1.47825025728053,-29
TSS,.,0,100,0,TS,64_PP,early,12,.,_,1.19436445726452,-29
TSS,.,0,100,0,TS,CPD,early,12,.,_,1.56022374786859,-29
TSS,.,0,100,0,NTS,64_PP,early,12,.,_,1.18900570536109,-28
TSS,.,0,100,0,NTS,CPD,early,12,.,_,1.52846759357775,-28
TSS,.,0,100,0,TS,64_PP,early,12,.,_,1.19152607932634,-28
TSS,.,0,100,0,TS,CPD,early,12,.,_,1.51704040851124,-28
TSS,.,0,100,0,NTS,64_PP,early,12,.,_,1.22423454031708,-27
TSS,.,0,100,0,NTS,CPD,early,12,.,_,1.55419981121817,-27
TSS,.,0,100,0,TS,64_PP,early,12,.,_,1.1924005121419,-27
TSS,.,0,100,0,TS,CPD,early,12,.,_,1.54932646418385,-27
TSS,.,0,100,0,NTS,64_PP,early,12,.,_,1.16405946284316,-26
TSS,.,0,100,0,NTS,CPD,early,12,.,_,1.50532129235622,-26
TSS,.,0,100,0,TS,64_PP,early,12,.,_,1.20539203516548,-26
TSS,.,0,100,0,TS,CPD,early,12,.,_,1.55284192473356,-26
TSS,.,0,100,0,NTS,64_PP,early,12,.,_,1.16279730249888,-25
TSS,.,0,100,0,NTS,CPD,early,12,.,_,1.49889459530742,-25
TSS,.,0,100,0,TS,64_PP,early,12,.,_,1.20581466512635,-25
TSS,.,0,100,0,TS,CPD,early,12,.,_,1.58344281084868,-25
TSS,.,0,100,0,NTS,64_PP,early,12,.,_,1.18392536177441,-24
TSS,.,0,100,0,NTS,CPD,early,12,.,_,1.51923505084531,-24
TSS,.,0,100,0,TS,64_PP,early,12,.,_,1.19245519937874,-24
TSS,.,0,100,0,TS,CPD,early,12,.,_,1.57007949002055,-24
TSS,.,0,100,0,NTS,64_PP,early,12,.,_,1.22299271869581,-23
TSS,.,0,100,0,NTS,CPD,early,12,.,_,1.58590807640462,-23
TSS,.,0,100,0,TS,64_PP,early,12,.,_,1.21785695208225,-23
TSS,.,0,100,0,TS,CPD,early,12,.,_,1.59166793065412,-23
TSS,.,0,100,0,NTS,64_PP,early,12,.,_,1.20190808200092,-22
TSS,.,0,100,0,NTS,CPD,early,12,.,_,1.57026951108161,-22
TSS,.,0,100,0,TS,64_PP,early,12,.,_,1.17566103924929,-22
TSS,.,0,100,0,TS,CPD,early,12,.,_,1.58992922745618,-22
TSS,.,0,100,0,NTS,64_PP,early,12,.,_,1.16072702414607,-93
TSS,.,0,100,0,NTS,CPD,early,12,.,_,1.39555856204232,-93
TSS,.,0,100,0,TS,64_PP,early,12,.,_,1.16469548044087,-93
TSS,.,0,100,0,TS,CPD,early,12,.,_,1.38370097007967,-93
TSS,.,0,100,0,NTS,64_PP,early,12,.,_,1.17076428263791,-21
TSS,.,0,100,0,NTS,CPD,early,12,.,_,1.58197474812776,-21
TSS,.,0,100,0,TS,64_PP,early,12,.,_,1.26194967985084,-21
TSS,.,0,100,0,TS,CPD,early,12,.,_,1.60187073964251,-21
TSS,.,0,100,0,NTS,64_PP,early,12,.,_,1.22811172741524,-20
TSS,.,0,100,0,NTS,CPD,early,12,.,_,1.57483308577768,-20
TSS,.,0,100,0,TS,64_PP,early,12,.,_,1.20288094152211,-20
TSS,.,0,100,0,TS,CPD,early,12,.,_,1.60101525725834,-20
TSS,.,0,100,0,NTS,64_PP,early,12,.,_,1.23523183487238,-19
TSS,.,0,100,0,NTS,CPD,early,12,.,_,1.61241643465775,-19
TSS,.,0,100,0,TS,64_PP,early,12,.,_,1.25832764334425,-19
TSS,.,0,100,0,TS,CPD,early,12,.,_,1.70125139944335,-19
TSS,.,0,100,0,NTS,64_PP,early,12,.,_,1.21305403025748,-18
TSS,.,0,100,0,NTS,CPD,early,12,.,_,1.62125475634587,-18
TSS,.,0,100,0,TS,64_PP,early,12,.,_,1.22935783958671,-18
TSS,.,0,100,0,TS,CPD,early,12,.,_,1.68327040208457,-18
TSS,.,0,100,0,NTS,64_PP,early,12,.,_,1.25526466394562,-17
TSS,.,0,100,0,NTS,CPD,early,12,.,_,1.67321322275918,-17
TSS,.,0,100,0,TS,64_PP,early,12,.,_,1.26268925648145,-17
TSS,.,0,100,0,TS,CPD,early,12,.,_,1.77300906115034,-17
TSS,.,0,100,0,NTS,64_PP,early,12,.,_,1.24752756491475,-16
TSS,.,0,100,0,NTS,CPD,early,12,.,_,1.66798801020835,-16
TSS,.,0,100,0,TS,64_PP,early,12,.,_,1.29397682440763,-16
TSS,.,0,100,0,TS,CPD,early,12,.,_,1.74672525541041,-16
TSS,.,0,100,0,NTS,64_PP,early,12,.,_,1.2326397882933,-15
TSS,.,0,100,0,NTS,CPD,early,12,.,_,1.67900298536088,-15
TSS,.,0,100,0,TS,64_PP,early,12,.,_,1.3021229937287,-15
TSS,.,0,100,0,TS,CPD,early,12,.,_,1.80605153934018,-15
TSS,.,0,100,0,NTS,64_PP,early,12,.,_,1.26464082727157,-14
TSS,.,0,100,0,NTS,CPD,early,12,.,_,1.76931123941955,-14
TSS,.,0,100,0,TS,64_PP,early,12,.,_,1.30278381643712,-14
TSS,.,0,100,0,TS,CPD,early,12,.,_,1.89368784886974,-14
TSS,.,0,100,0,NTS,64_PP,early,12,.,_,1.26673933214583,-13
TSS,.,0,100,0,NTS,CPD,early,12,.,_,1.81512710859442,-13
TSS,.,0,100,0,TS,64_PP,early,12,.,_,1.33763243266602,-13
TSS,.,0,100,0,TS,CPD,early,12,.,_,1.90784004437038,-13
TSS,.,0,100,0,NTS,64_PP,early,12,.,_,1.27886762934119,-12
TSS,.,0,100,0,NTS,CPD,early,12,.,_,1.7898017209719,-12
TSS,.,0,100,0,TS,64_PP,early,12,.,_,1.34569629621626,-12
TSS,.,0,100,0,TS,CPD,early,12,.,_,1.94701322122356,-12
TSS,.,0,100,0,NTS,64_PP,early,12,.,_,1.14684112791905,-92
TSS,.,0,100,0,NTS,CPD,early,12,.,_,1.43062958778305,-92
TSS,.,0,100,0,TS,64_PP,early,12,.,_,1.12177884772534,-92
TSS,.,0,100,0,TS,CPD,early,12,.,_,1.39025816938034,-92
TSS,.,0,100,0,NTS,64_PP,early,12,.,_,1.34215616759061,-11
TSS,.,0,100,0,NTS,CPD,early,12,.,_,1.86852273788038,-11
TSS,.,0,100,0,TS,64_PP,early,12,.,_,1.3622444879309,-11
TSS,.,0,100,0,TS,CPD,early,12,.,_,2.00736579600404,-11
TSS,.,0,100,0,NTS,64_PP,early,12,.,_,1.39316226001137,-10
TSS,.,0,100,0,NTS,CPD,early,12,.,_,1.9614481052128,-10
TSS,.,0,100,0,TS,64_PP,early,12,.,_,1.40779357888072,-10
TSS,.,0,100,0,TS,CPD,early,12,.,_,2.08380858461882,-10
TSS,.,0,100,0,NTS,64_PP,early,12,.,_,1.41962973321648,-9
TSS,.,0,100,0,NTS,CPD,early,12,.,_,2.06185044069711,-9
TSS,.,0,100,0,TS,64_PP,early,12,.,_,1.45229528131007,-9
TSS,.,0,100,0,TS,CPD,early,12,.,_,2.1740528187283,-9
TSS,.,0,100,0,NTS,64_PP,early,12,.,_,1.46387183150609,-8
TSS,.,0,100,0,NTS,CPD,early,12,.,_,2.17425784241612,-8
TSS,.,0,100,0,TS,64_PP,early,12,.,_,1.50724514214296,-8
TSS,.,0,100,0,TS,CPD,early,12,.,_,2.33480756363154,-8
TSS,.,0,100,0,NTS,64_PP,early,12,.,_,1.45751720757296,-7
TSS,.,0,100,0,NTS,CPD,early,12,.,_,2.14527143409097,-7
TSS,.,0,100,0,TS,64_PP,early,12,.,_,1.52394707974322,-7
TSS,.,0,100,0,TS,CPD,early,12,.,_,2.37576276495887,-7
TSS,.,0,100,0,NTS,64_PP,early,12,.,_,1.58677221783324,-6
TSS,.,0,100,0,NTS,CPD,early,12,.,_,2.2596005824703,-6
TSS,.,0,100,0,TS,64_PP,early,12,.,_,1.65662806282009,-6
TSS,.,0,100,0,TS,CPD,early,12,.,_,2.49488353347369,-6
TSS,.,0,100,0,NTS,64_PP,early,12,.,_,1.57006001463374,-5
TSS,.,0,100,0,NTS,CPD,early,12,.,_,2.42658787860189,-5
TSS,.,0,100,0,TS,64_PP,early,12,.,_,1.73660800217154,-5
TSS,.,0,100,0,TS,CPD,early,12,.,_,2.69245865913834,-5
TSS,.,0,100,0,NTS,64_PP,early,12,.,_,1.70211793626488,-4
TSS,.,0,100,0,NTS,CPD,early,12,.,_,2.53915077325952,-4
TSS,.,0,100,0,TS,64_PP,early,12,.,_,1.79850136505049,-4
TSS,.,0,100,0,TS,CPD,early,12,.,_,2.81509582959712,-4
TSS,.,0,100,0,NTS,64_PP,early,12,.,_,1.86399701356988,-3
TSS,.,0,100,0,NTS,CPD,early,12,.,_,2.81646605395013,-3
TSS,.,0,100,0,TS,64_PP,early,12,.,_,1.92567884845851,-3
TSS,.,0,100,0,TS,CPD,early,12,.,_,2.94441291024383,-3
TSS,.,0,100,0,NTS,64_PP,early,12,.,_,2.0098214444047,-2
TSS,.,0,100,0,NTS,CPD,early,12,.,_,2.94296953704482,-2
TSS,.,0,100,0,TS,64_PP,early,12,.,_,2.05598264339833,-2
TSS,.,0,100,0,TS,CPD,early,12,.,_,3.33476094993029,-2
TES,.,0,100,0,NTS,64_PP,early,12,.,_,1.22246920010474,-100
TES,.,0,100,0,NTS,CPD,early,12,.,_,1.47250935972146,-100
TES,.,0,100,0,TS,64_PP,early,12,.,_,1.19707990213906,-100
TES,.,0,100,0,TS,CPD,early,12,.,_,1.45930133168328,-100
TES,.,0,100,0,NTS,64_PP,early,12,.,_,1.20099601083178,-91
TES,.,0,100,0,NTS,CPD,early,12,.,_,1.47729297807487,-91
TES,.,0,100,0,TS,64_PP,early,12,.,_,1.19261384584193,-91
TES,.,0,100,0,TS,CPD,early,12,.,_,1.52890421319696,-91
TES,.,0,100,0,NTS,64_PP,early,12,.,_,1.3654346429007,-1
TES,.,0,100,0,NTS,CPD,early,12,.,_,1.79865082657073,-1
TES,.,0,100,0,TS,64_PP,early,12,.,_,1.12608456933829,-1
TES,.,0,100,0,TS,CPD,early,12,.,_,1.34148579337976,-1
TES,.,0,100,0,NTS,64_PP,early,12,.,_,0.935542089096757,0
TES,.,0,100,0,NTS,CPD,early,12,.,_,1.21871357206359,0
TES,.,0,100,0,TS,64_PP,early,12,.,_,1.02547949739513,0
TES,.,0,100,0,TS,CPD,early,12,.,_,1.18229322731105,0
TES,.,0,100,0,NTS,64_PP,early,12,.,_,1.30219459974098,1
TES,.,0,100,0,NTS,CPD,early,12,.,_,1.55866792530766,1
TES,.,0,100,0,TS,64_PP,early,12,.,_,1.3698713818737,1
TES,.,0,100,0,TS,CPD,early,12,.,_,1.85474519504141,1
TES,.,0,100,0,NTS,64_PP,early,12,.,_,1.3692251468043,2
TES,.,0,100,0,NTS,CPD,early,12,.,_,1.63429035141226,2
TES,.,0,100,0,TS,64_PP,early,12,.,_,1.32588194572546,2
TES,.,0,100,0,TS,CPD,early,12,.,_,1.65471200898808,2
TES,.,0,100,0,NTS,64_PP,early,12,.,_,1.32551257946295,3
TES,.,0,100,0,NTS,CPD,early,12,.,_,1.63275423884735,3
TES,.,0,100,0,TS,64_PP,early,12,.,_,1.28872541977168,3
TES,.,0,100,0,TS,CPD,early,12,.,_,1.61422920456902,3
TES,.,0,100,0,NTS,64_PP,early,12,.,_,1.30519195966198,4
TES,.,0,100,0,NTS,CPD,early,12,.,_,1.60061798451445,4
TES,.,0,100,0,TS,64_PP,early,12,.,_,1.26014929737718,4
TES,.,0,100,0,TS,CPD,early,12,.,_,1.60654857745454,4
TES,.,0,100,0,NTS,64_PP,early,12,.,_,1.30489583082048,5
TES,.,0,100,0,NTS,CPD,early,12,.,_,1.59700568083156,5
TES,.,0,100,0,TS,64_PP,early,12,.,_,1.31298042733546,5
TES,.,0,100,0,TS,CPD,early,12,.,_,1.6045051935648,5
TES,.,0,100,0,NTS,64_PP,early,12,.,_,1.28861541828811,6
TES,.,0,100,0,NTS,CPD,early,12,.,_,1.54706809616098,6
TES,.,0,100,0,TS,64_PP,early,12,.,_,1.26262181168376,6
TES,.,0,100,0,TS,CPD,early,12,.,_,1.60279804606598,6
TES,.,0,100,0,NTS,64_PP,early,12,.,_,1.29846826879129,7
TES,.,0,100,0,NTS,CPD,early,12,.,_,1.55818535552463,7
TES,.,0,100,0,TS,64_PP,early,12,.,_,1.29980302414778,7
TES,.,0,100,0,TS,CPD,early,12,.,_,1.60352950244747,7
TES,.,0,100,0,NTS,64_PP,early,12,.,_,1.27640315180205,8
TES,.,0,100,0,NTS,CPD,early,12,.,_,1.50018316027836,8
TES,.,0,100,0,TS,64_PP,early,12,.,_,1.27679427128049,8
TES,.,0,100,0,TS,CPD,early,12,.,_,1.61388527515964,8
TES,.,0,100,0,NTS,64_PP,early,12,.,_,1.23498543274009,-90
TES,.,0,100,0,NTS,CPD,early,12,.,_,1.51259682752299,-90
TES,.,0,100,0,TS,64_PP,early,12,.,_,1.21792967529498,-90
TES,.,0,100,0,TS,CPD,early,12,.,_,1.52068890858131,-90
TES,.,0,100,0,NTS,64_PP,early,12,.,_,1.30511617393206,9
TES,.,0,100,0,NTS,CPD,early,12,.,_,1.49363880018071,9
TES,.,0,100,0,TS,64_PP,early,12,.,_,1.29091436735931,9
TES,.,0,100,0,TS,CPD,early,12,.,_,1.59728246496311,9
TES,.,0,100,0,NTS,64_PP,early,12,.,_,1.29122705126196,10
TES,.,0,100,0,NTS,CPD,early,12,.,_,1.60180386068817,10
TES,.,0,100,0,TS,64_PP,early,12,.,_,1.2807065653194,10
TES,.,0,100,0,TS,CPD,early,12,.,_,1.6052364770264,10
TES,.,0,100,0,NTS,64_PP,early,12,.,_,1.27696925398541,11
TES,.,0,100,0,NTS,CPD,early,12,.,_,1.53644727857814,11
TES,.,0,100,0,TS,64_PP,early,12,.,_,1.26772451310584,11
TES,.,0,100,0,TS,CPD,early,12,.,_,1.61206187849564,11
TES,.,0,100,0,NTS,64_PP,early,12,.,_,1.25653623622521,12
TES,.,0,100,0,NTS,CPD,early,12,.,_,1.5558566628725,12
TES,.,0,100,0,TS,64_PP,early,12,.,_,1.25805538713267,12
TES,.,0,100,0,TS,CPD,early,12,.,_,1.56338454241142,12
TES,.,0,100,0,NTS,64_PP,early,12,.,_,1.28972190298706,13
TES,.,0,100,0,NTS,CPD,early,12,.,_,1.53229067410195,13
TES,.,0,100,0,TS,64_PP,early,12,.,_,1.27004020597887,13
TES,.,0,100,0,TS,CPD,early,12,.,_,1.57990058940226,13
TES,.,0,100,0,NTS,64_PP,early,12,.,_,1.28372330351884,14
TES,.,0,100,0,NTS,CPD,early,12,.,_,1.5978086077279,14
TES,.,0,100,0,TS,64_PP,early,12,.,_,1.23698434518707,14
TES,.,0,100,0,TS,CPD,early,12,.,_,1.56376946481517,14
TES,.,0,100,0,NTS,64_PP,early,12,.,_,1.27189927534764,15
TES,.,0,100,0,NTS,CPD,early,12,.,_,1.58407930912632,15
TES,.,0,100,0,TS,64_PP,early,12,.,_,1.24373879435825,15
TES,.,0,100,0,TS,CPD,early,12,.,_,1.60427013093737,15
TES,.,0,100,0,NTS,64_PP,early,12,.,_,1.29861950493727,16
TES,.,0,100,0,NTS,CPD,early,12,.,_,1.51750866530346,16
TES,.,0,100,0,TS,64_PP,early,12,.,_,1.22558808391026,16
TES,.,0,100,0,TS,CPD,early,12,.,_,1.57259258477215,16
TES,.,0,100,0,NTS,64_PP,early,12,.,_,1.294573184381,17
TES,.,0,100,0,NTS,CPD,early,12,.,_,1.53328180649141,17
TES,.,0,100,0,TS,64_PP,early,12,.,_,1.2626995557738,17
TES,.,0,100,0,TS,CPD,early,12,.,_,1.57882129147795,17
TES,.,0,100,0,NTS,64_PP,early,12,.,_,1.25084983346891,18
TES,.,0,100,0,NTS,CPD,early,12,.,_,1.55982535275847,18
TES,.,0,100,0,TS,64_PP,early,12,.,_,1.29678413726299,18
TES,.,0,100,0,TS,CPD,early,12,.,_,1.56569982035917,18
TES,.,0,100,0,NTS,64_PP,early,12,.,_,1.22125292797121,-89
TES,.,0,100,0,NTS,CPD,early,12,.,_,1.53607054435113,-89
TES,.,0,100,0,TS,64_PP,early,12,.,_,1.18895604942539,-89
TES,.,0,100,0,TS,CPD,early,12,.,_,1.53162561738576,-89
TES,.,0,100,0,NTS,64_PP,early,12,.,_,1.28206920002564,19
TES,.,0,100,0,NTS,CPD,early,12,.,_,1.50488798321185,19
TES,.,0,100,0,TS,64_PP,early,12,.,_,1.19074122791981,19
TES,.,0,100,0,TS,CPD,early,12,.,_,1.54525946361597,19
TES,.,0,100,0,NTS,64_PP,early,12,.,_,1.2702834982759,20
TES,.,0,100,0,NTS,CPD,early,12,.,_,1.54569833531811,20
TES,.,0,100,0,TS,64_PP,early,12,.,_,1.2649570420199,20
TES,.,0,100,0,TS,CPD,early,12,.,_,1.58077818941013,20
TES,.,0,100,0,NTS,64_PP,early,12,.,_,1.27976104787553,21
TES,.,0,100,0,NTS,CPD,early,12,.,_,1.53271419280679,21
TES,.,0,100,0,TS,64_PP,early,12,.,_,1.25436984679178,21
TES,.,0,100,0,TS,CPD,early,12,.,_,1.57225029988808,21
TES,.,0,100,0,NTS,64_PP,early,12,.,_,1.2402544842102,22
TES,.,0,100,0,NTS,CPD,early,12,.,_,1.48843793487107,22
TES,.,0,100,0,TS,64_PP,early,12,.,_,1.26041612211422,22
TES,.,0,100,0,TS,CPD,early,12,.,_,1.5906151674165,22
TES,.,0,100,0,NTS,64_PP,early,12,.,_,1.23653119018433,23
TES,.,0,100,0,NTS,CPD,early,12,.,_,1.55645353694488,23
TES,.,0,100,0,TS,64_PP,early,12,.,_,1.23545196127949,23
TES,.,0,100,0,TS,CPD,early,12,.,_,1.49217620238002,23
TES,.,0,100,0,NTS,64_PP,early,12,.,_,1.24375134941347,24
TES,.,0,100,0,NTS,CPD,early,12,.,_,1.50209810110959,24
TES,.,0,100,0,TS,64_PP,early,12,.,_,1.24260500699973,24
TES,.,0,100,0,TS,CPD,early,12,.,_,1.54860996554142,24
TES,.,0,100,0,NTS,64_PP,early,12,.,_,1.26086640180382,25
TES,.,0,100,0,NTS,CPD,early,12,.,_,1.55063392955448,25
TES,.,0,100,0,TS,64_PP,early,12,.,_,1.21582466798446,25
TES,.,0,100,0,TS,CPD,early,12,.,_,1.59992376111081,25
TES,.,0,100,0,NTS,64_PP,early,12,.,_,1.26069956464086,26
TES,.,0,100,0,NTS,CPD,early,12,.,_,1.47708596623174,26
TES,.,0,100,0,TS,64_PP,early,12,.,_,1.24010274604452,26
TES,.,0,100,0,TS,CPD,early,12,.,_,1.54491428647894,26
TES,.,0,100,0,NTS,64_PP,early,12,.,_,1.26865166062206,27
TES,.,0,100,0,NTS,CPD,early,12,.,_,1.5009489924457,27
TES,.,0,100,0,TS,64_PP,early,12,.,_,1.27748259610902,27
TES,.,0,100,0,TS,CPD,early,12,.,_,1.50355848050419,27
TES,.,0,100,0,NTS,64_PP,early,12,.,_,1.22665589027815,28
TES,.,0,100,0,NTS,CPD,early,12,.,_,1.47824886387748,28
TES,.,0,100,0,TS,64_PP,early,12,.,_,1.19958865966684,28
TES,.,0,100,0,TS,CPD,early,12,.,_,1.55336747709419,28
TES,.,0,100,0,NTS,64_PP,early,12,.,_,1.25657994653187,-88
TES,.,0,100,0,NTS,CPD,early,12,.,_,1.49206448209675,-88
TES,.,0,100,0,TS,64_PP,early,12,.,_,1.25092305377066,-88
TES,.,0,100,0,TS,CPD,early,12,.,_,1.50262368238485,-88
TES,.,0,100,0,NTS,64_PP,early,12,.,_,1.28315126324527,29
TES,.,0,100,0,NTS,CPD,early,12,.,_,1.50195797237963,29
TES,.,0,100,0,TS,64_PP,early,12,.,_,1.23067180776011,29
TES,.,0,100,0,TS,CPD,early,12,.,_,1.504664906726,29
TES,.,0,100,0,NTS,64_PP,early,12,.,_,1.24782431694907,30
TES,.,0,100,0,NTS,CPD,early,12,.,_,1.46566222278149,30
TES,.,0,100,0,TS,64_PP,early,12,.,_,1.22169043259684,30
TES,.,0,100,0,TS,CPD,early,12,.,_,1.46467877428102,30
TES,.,0,100,0,NTS,64_PP,early,12,.,_,1.19585582208617,31
TES,.,0,100,0,NTS,CPD,early,12,.,_,1.46280625621531,31
TES,.,0,100,0,TS,64_PP,early,12,.,_,1.22860586525625,31
TES,.,0,100,0,TS,CPD,early,12,.,_,1.52605783458828,31
TES,.,0,100,0,NTS,64_PP,early,12,.,_,1.24873833062339,32
TES,.,0,100,0,NTS,CPD,early,12,.,_,1.46250747466473,32
TES,.,0,100,0,TS,64_PP,early,12,.,_,1.18253421316273,32
TES,.,0,100,0,TS,CPD,early,12,.,_,1.55206079517458,32
TES,.,0,100,0,NTS,64_PP,early,12,.,_,1.21316063156516,33
TES,.,0,100,0,NTS,CPD,early,12,.,_,1.5085787006103,33
TES,.,0,100,0,TS,64_PP,early,12,.,_,1.2220306307896,33
TES,.,0,100,0,TS,CPD,early,12,.,_,1.52707125991694,33
TES,.,0,100,0,NTS,64_PP,early,12,.,_,1.24527842615511,34
TES,.,0,100,0,NTS,CPD,early,12,.,_,1.48893987013408,34
TES,.,0,100,0,TS,64_PP,early,12,.,_,1.24882180147494,34
TES,.,0,100,0,TS,CPD,early,12,.,_,1.52057002459019,34
TES,.,0,100,0,NTS,64_PP,early,12,.,_,1.24479631262025,35
TES,.,0,100,0,NTS,CPD,early,12,.,_,1.44545901830826,35
TES,.,0,100,0,TS,64_PP,early,12,.,_,1.19357670792052,35
TES,.,0,100,0,TS,CPD,early,12,.,_,1.51806728340576,35
TES,.,0,100,0,NTS,64_PP,early,12,.,_,1.28156136687718,36
TES,.,0,100,0,NTS,CPD,early,12,.,_,1.48901438735409,36
TES,.,0,100,0,TS,64_PP,early,12,.,_,1.24109566407115,36
TES,.,0,100,0,TS,CPD,early,12,.,_,1.50775507548759,36
TES,.,0,100,0,NTS,64_PP,early,12,.,_,1.22225439951742,37
TES,.,0,100,0,NTS,CPD,early,12,.,_,1.52091509374485,37
TES,.,0,100,0,TS,64_PP,early,12,.,_,1.19719158717639,37
TES,.,0,100,0,TS,CPD,early,12,.,_,1.47274152213019,37
TES,.,0,100,0,NTS,64_PP,early,12,.,_,1.21669873535663,38
TES,.,0,100,0,NTS,CPD,early,12,.,_,1.49845116854281,38
TES,.,0,100,0,TS,64_PP,early,12,.,_,1.22603881964087,38
TES,.,0,100,0,TS,CPD,early,12,.,_,1.5188495278379,38
TES,.,0,100,0,NTS,64_PP,early,12,.,_,1.23318252341287,-87
TES,.,0,100,0,NTS,CPD,early,12,.,_,1.4791830756974,-87
TES,.,0,100,0,TS,64_PP,early,12,.,_,1.23080540668577,-87
TES,.,0,100,0,TS,CPD,early,12,.,_,1.48219029961964,-87
TES,.,0,100,0,NTS,64_PP,early,12,.,_,1.18945755314849,39
TES,.,0,100,0,NTS,CPD,early,12,.,_,1.46581919563031,39
TES,.,0,100,0,TS,64_PP,early,12,.,_,1.2532270676178,39
TES,.,0,100,0,TS,CPD,early,12,.,_,1.55970970104482,39
TES,.,0,100,0,NTS,64_PP,early,12,.,_,1.22777609723816,40
TES,.,0,100,0,NTS,CPD,early,12,.,_,1.43412569756468,40
TES,.,0,100,0,TS,64_PP,early,12,.,_,1.19492468311848,40
TES,.,0,100,0,TS,CPD,early,12,.,_,1.47350791476915,40
TES,.,0,100,0,NTS,64_PP,early,12,.,_,1.24655055698779,41
TES,.,0,100,0,NTS,CPD,early,12,.,_,1.5019379216778,41
TES,.,0,100,0,TS,64_PP,early,12,.,_,1.23174308486382,41
TES,.,0,100,0,TS,CPD,early,12,.,_,1.45794256606608,41
TES,.,0,100,0,NTS,64_PP,early,12,.,_,1.2197548571711,42
TES,.,0,100,0,NTS,CPD,early,12,.,_,1.47032233769738,42
TES,.,0,100,0,TS,64_PP,early,12,.,_,1.20397330870735,42
TES,.,0,100,0,TS,CPD,early,12,.,_,1.46365482973239,42
TES,.,0,100,0,NTS,64_PP,early,12,.,_,1.20283605637297,43
TES,.,0,100,0,NTS,CPD,early,12,.,_,1.44117420511452,43
TES,.,0,100,0,TS,64_PP,early,12,.,_,1.22138556110032,43
TES,.,0,100,0,TS,CPD,early,12,.,_,1.47879326779411,43
TES,.,0,100,0,NTS,64_PP,early,12,.,_,1.24679551032677,44
TES,.,0,100,0,NTS,CPD,early,12,.,_,1.44205361433487,44
TES,.,0,100,0,TS,64_PP,early,12,.,_,1.19342256865134,44
TES,.,0,100,0,TS,CPD,early,12,.,_,1.49038043332029,44
TES,.,0,100,0,NTS,64_PP,early,12,.,_,1.23180124858892,45
TES,.,0,100,0,NTS,CPD,early,12,.,_,1.46002365097721,45
TES,.,0,100,0,TS,64_PP,early,12,.,_,1.1938158876054,45
TES,.,0,100,0,TS,CPD,early,12,.,_,1.48169486298858,45
TES,.,0,100,0,NTS,64_PP,early,12,.,_,1.20948390948203,46
TES,.,0,100,0,NTS,CPD,early,12,.,_,1.48287709464161,46
TES,.,0,100,0,TS,64_PP,early,12,.,_,1.24479887748258,46
TES,.,0,100,0,TS,CPD,early,12,.,_,1.48282965692996,46
TES,.,0,100,0,NTS,64_PP,early,12,.,_,1.21198798709735,47
TES,.,0,100,0,NTS,CPD,early,12,.,_,1.47306831838124,47
TES,.,0,100,0,TS,64_PP,early,12,.,_,1.19256352720138,47
TES,.,0,100,0,TS,CPD,early,12,.,_,1.4666966694193,47
TES,.,0,100,0,NTS,64_PP,early,12,.,_,1.22893776005304,48
TES,.,0,100,0,NTS,CPD,early,12,.,_,1.42735521954613,48
TES,.,0,100,0,TS,64_PP,early,12,.,_,1.20600047788674,48
TES,.,0,100,0,TS,CPD,early,12,.,_,1.50754401675509,48
TES,.,0,100,0,NTS,64_PP,early,12,.,_,1.22939659135234,-86
TES,.,0,100,0,NTS,CPD,early,12,.,_,1.50065503669066,-86
TES,.,0,100,0,TS,64_PP,early,12,.,_,1.20517362199094,-86
TES,.,0,100,0,TS,CPD,early,12,.,_,1.52332619484956,-86
TES,.,0,100,0,NTS,64_PP,early,12,.,_,1.17381079944869,49
TES,.,0,100,0,NTS,CPD,early,12,.,_,1.4374930321184,49
TES,.,0,100,0,TS,64_PP,early,12,.,_,1.19502842219505,49
TES,.,0,100,0,TS,CPD,early,12,.,_,1.4534954438638,49
TES,.,0,100,0,NTS,64_PP,early,12,.,_,1.20018281702337,50
TES,.,0,100,0,NTS,CPD,early,12,.,_,1.51075130603368,50
TES,.,0,100,0,TS,64_PP,early,12,.,_,1.24293111502668,50
TES,.,0,100,0,TS,CPD,early,12,.,_,1.47146534333663,50
TES,.,0,100,0,NTS,64_PP,early,12,.,_,1.22676190089043,51
TES,.,0,100,0,NTS,CPD,early,12,.,_,1.48454825942256,51
TES,.,0,100,0,TS,64_PP,early,12,.,_,1.25096544067514,51
TES,.,0,100,0,TS,CPD,early,12,.,_,1.4641630518187,51
TES,.,0,100,0,NTS,64_PP,early,12,.,_,1.20947495834273,52
TES,.,0,100,0,NTS,CPD,early,12,.,_,1.4177033844563,52
TES,.,0,100,0,TS,64_PP,early,12,.,_,1.19661427271826,52
TES,.,0,100,0,TS,CPD,early,12,.,_,1.50637740564178,52
TES,.,0,100,0,NTS,64_PP,early,12,.,_,1.25196327910243,53
TES,.,0,100,0,NTS,CPD,early,12,.,_,1.49218669266028,53
TES,.,0,100,0,TS,64_PP,early,12,.,_,1.217806168906,53
TES,.,0,100,0,TS,CPD,early,12,.,_,1.47908807539437,53
TES,.,0,100,0,NTS,64_PP,early,12,.,_,1.25556430011427,54
TES,.,0,100,0,NTS,CPD,early,12,.,_,1.4771627478122,54
TES,.,0,100,0,TS,64_PP,early,12,.,_,1.20046312236089,54
TES,.,0,100,0,TS,CPD,early,12,.,_,1.48409328450897,54
TES,.,0,100,0,NTS,64_PP,early,12,.,_,1.21282296702983,55
TES,.,0,100,0,NTS,CPD,early,12,.,_,1.44167133316044,55
TES,.,0,100,0,TS,64_PP,early,12,.,_,1.19221005632643,55
TES,.,0,100,0,TS,CPD,early,12,.,_,1.45727808064705,55
TES,.,0,100,0,NTS,64_PP,early,12,.,_,1.2010783676639,56
TES,.,0,100,0,NTS,CPD,early,12,.,_,1.43990612885997,56
TES,.,0,100,0,TS,64_PP,early,12,.,_,1.2141493410154,56
TES,.,0,100,0,TS,CPD,early,12,.,_,1.47669531222702,56
TES,.,0,100,0,NTS,64_PP,early,12,.,_,1.17512025238682,57
TES,.,0,100,0,NTS,CPD,early,12,.,_,1.42055542281279,57
TES,.,0,100,0,TS,64_PP,early,12,.,_,1.20055672096443,57
TES,.,0,100,0,TS,CPD,early,12,.,_,1.48681301830727,57
TES,.,0,100,0,NTS,64_PP,early,12,.,_,1.19970518395909,58
TES,.,0,100,0,NTS,CPD,early,12,.,_,1.42642037963605,58
TES,.,0,100,0,TS,64_PP,early,12,.,_,1.22165396363464,58
TES,.,0,100,0,TS,CPD,early,12,.,_,1.47248695984276,58
TES,.,0,100,0,NTS,64_PP,early,12,.,_,1.24752705185531,-85
TES,.,0,100,0,NTS,CPD,early,12,.,_,1.5196661928455,-85
TES,.,0,100,0,TS,64_PP,early,12,.,_,1.19178677626771,-85
TES,.,0,100,0,TS,CPD,early,12,.,_,1.49778845569362,-85
TES,.,0,100,0,NTS,64_PP,early,12,.,_,1.22752780809111,59
TES,.,0,100,0,NTS,CPD,early,12,.,_,1.46856425515821,59
TES,.,0,100,0,TS,64_PP,early,12,.,_,1.19511653307308,59
TES,.,0,100,0,TS,CPD,early,12,.,_,1.41284300614821,59
TES,.,0,100,0,NTS,64_PP,early,12,.,_,1.21476247237502,60
TES,.,0,100,0,NTS,CPD,early,12,.,_,1.43480372560514,60
TES,.,0,100,0,TS,64_PP,early,12,.,_,1.16994107530569,60
TES,.,0,100,0,TS,CPD,early,12,.,_,1.44472067227335,60
TES,.,0,100,0,NTS,64_PP,early,12,.,_,1.21418430778734,61
TES,.,0,100,0,NTS,CPD,early,12,.,_,1.41944054094048,61
TES,.,0,100,0,TS,64_PP,early,12,.,_,1.18863201736307,61
TES,.,0,100,0,TS,CPD,early,12,.,_,1.43972972322669,61
TES,.,0,100,0,NTS,64_PP,early,12,.,_,1.16714057279368,62
TES,.,0,100,0,NTS,CPD,early,12,.,_,1.4433516278068,62
TES,.,0,100,0,TS,64_PP,early,12,.,_,1.19137890105791,62
TES,.,0,100,0,TS,CPD,early,12,.,_,1.45915428776033,62
TES,.,0,100,0,NTS,64_PP,early,12,.,_,1.19139396214552,63
TES,.,0,100,0,NTS,CPD,early,12,.,_,1.43808751741699,63
TES,.,0,100,0,TS,64_PP,early,12,.,_,1.18432296671375,63
TES,.,0,100,0,TS,CPD,early,12,.,_,1.47610761290135,63
TES,.,0,100,0,NTS,64_PP,early,12,.,_,1.23494787331373,64
TES,.,0,100,0,NTS,CPD,early,12,.,_,1.46209215879977,64
TES,.,0,100,0,TS,64_PP,early,12,.,_,1.23529167478055,64
TES,.,0,100,0,TS,CPD,early,12,.,_,1.43822307387591,64
TES,.,0,100,0,NTS,64_PP,early,12,.,_,1.19177776292959,65
TES,.,0,100,0,NTS,CPD,early,12,.,_,1.39565046873814,65
TES,.,0,100,0,TS,64_PP,early,12,.,_,1.203647555213,65
TES,.,0,100,0,TS,CPD,early,12,.,_,1.42591561413315,65
TES,.,0,100,0,NTS,64_PP,early,12,.,_,1.22115587808585,66
TES,.,0,100,0,NTS,CPD,early,12,.,_,1.47864916280454,66
TES,.,0,100,0,TS,64_PP,early,12,.,_,1.18295553953561,66
TES,.,0,100,0,TS,CPD,early,12,.,_,1.40306657857248,66
TES,.,0,100,0,NTS,64_PP,early,12,.,_,1.19363468028812,67
TES,.,0,100,0,NTS,CPD,early,12,.,_,1.47274914945963,67
TES,.,0,100,0,TS,64_PP,early,12,.,_,1.23610601589677,67
TES,.,0,100,0,TS,CPD,early,12,.,_,1.47342806128695,67
TES,.,0,100,0,NTS,64_PP,early,12,.,_,1.20678552611084,68
TES,.,0,100,0,NTS,CPD,early,12,.,_,1.45556804726256,68
TES,.,0,100,0,TS,64_PP,early,12,.,_,1.21693875389448,68
TES,.,0,100,0,TS,CPD,early,12,.,_,1.44737366287557,68
TES,.,0,100,0,NTS,64_PP,early,12,.,_,1.24076008975328,-84
TES,.,0,100,0,NTS,CPD,early,12,.,_,1.52604651099142,-84
TES,.,0,100,0,TS,64_PP,early,12,.,_,1.2484436603298,-84
TES,.,0,100,0,TS,CPD,early,12,.,_,1.51520193052461,-84
TES,.,0,100,0,NTS,64_PP,early,12,.,_,1.19044796325923,69
TES,.,0,100,0,NTS,CPD,early,12,.,_,1.45644473770077,69
TES,.,0,100,0,TS,64_PP,early,12,.,_,1.1793762545841,69
TES,.,0,100,0,TS,CPD,early,12,.,_,1.41482872471644,69
TES,.,0,100,0,NTS,64_PP,early,12,.,_,1.16223012510327,70
TES,.,0,100,0,NTS,CPD,early,12,.,_,1.45781419835744,70
TES,.,0,100,0,TS,64_PP,early,12,.,_,1.15449710844983,70
TES,.,0,100,0,TS,CPD,early,12,.,_,1.41798841683885,70
TES,.,0,100,0,NTS,64_PP,early,12,.,_,1.18510327439684,71
TES,.,0,100,0,NTS,CPD,early,12,.,_,1.44617738439481,71
TES,.,0,100,0,TS,64_PP,early,12,.,_,1.21161550695502,71
TES,.,0,100,0,TS,CPD,early,12,.,_,1.47316216892283,71
TES,.,0,100,0,NTS,64_PP,early,12,.,_,1.19368380141594,72
TES,.,0,100,0,NTS,CPD,early,12,.,_,1.43817098964452,72
TES,.,0,100,0,TS,64_PP,early,12,.,_,1.20599698075672,72
TES,.,0,100,0,TS,CPD,early,12,.,_,1.49060723749726,72
TES,.,0,100,0,NTS,64_PP,early,12,.,_,1.20069901869548,73
TES,.,0,100,0,NTS,CPD,early,12,.,_,1.4196697558295,73
TES,.,0,100,0,TS,64_PP,early,12,.,_,1.23068411712345,73
TES,.,0,100,0,TS,CPD,early,12,.,_,1.40234154963629,73
TES,.,0,100,0,NTS,64_PP,early,12,.,_,1.20418576263942,74
TES,.,0,100,0,NTS,CPD,early,12,.,_,1.41180534753913,74
TES,.,0,100,0,TS,64_PP,early,12,.,_,1.1728837447888,74
TES,.,0,100,0,TS,CPD,early,12,.,_,1.40296737265372,74
TES,.,0,100,0,NTS,64_PP,early,12,.,_,1.1836725370025,75
TES,.,0,100,0,NTS,CPD,early,12,.,_,1.43945418555624,75
TES,.,0,100,0,TS,64_PP,early,12,.,_,1.20622974363409,75
TES,.,0,100,0,TS,CPD,early,12,.,_,1.40737419038509,75
TES,.,0,100,0,NTS,64_PP,early,12,.,_,1.18106074271518,76
TES,.,0,100,0,NTS,CPD,early,12,.,_,1.4751944696129,76
TES,.,0,100,0,TS,64_PP,early,12,.,_,1.19699413265831,76
TES,.,0,100,0,TS,CPD,early,12,.,_,1.46757280712125,76
TES,.,0,100,0,NTS,64_PP,early,12,.,_,1.20427383713775,77
TES,.,0,100,0,NTS,CPD,early,12,.,_,1.4019047075951,77
TES,.,0,100,0,TS,64_PP,early,12,.,_,1.15702354413384,77
TES,.,0,100,0,TS,CPD,early,12,.,_,1.46523015934085,77
TES,.,0,100,0,NTS,64_PP,early,12,.,_,1.16168704070024,78
TES,.,0,100,0,NTS,CPD,early,12,.,_,1.43699478834274,78
TES,.,0,100,0,TS,64_PP,early,12,.,_,1.18464215014146,78
TES,.,0,100,0,TS,CPD,early,12,.,_,1.44691280980133,78
TES,.,0,100,0,NTS,64_PP,early,12,.,_,1.23697946509847,-83
TES,.,0,100,0,NTS,CPD,early,12,.,_,1.53644154533059,-83
TES,.,0,100,0,TS,64_PP,early,12,.,_,1.20154948259323,-83
TES,.,0,100,0,TS,CPD,early,12,.,_,1.51999869265286,-83
TES,.,0,100,0,NTS,64_PP,early,12,.,_,1.2108756435176,79
TES,.,0,100,0,NTS,CPD,early,12,.,_,1.43096101611077,79
TES,.,0,100,0,TS,64_PP,early,12,.,_,1.15956841770128,79
TES,.,0,100,0,TS,CPD,early,12,.,_,1.38301307261351,79
TES,.,0,100,0,NTS,64_PP,early,12,.,_,1.20206522980292,80
TES,.,0,100,0,NTS,CPD,early,12,.,_,1.41194991095563,80
TES,.,0,100,0,TS,64_PP,early,12,.,_,1.19166658102422,80
TES,.,0,100,0,TS,CPD,early,12,.,_,1.37137606498829,80
TES,.,0,100,0,NTS,64_PP,early,12,.,_,1.19492292650596,81
TES,.,0,100,0,NTS,CPD,early,12,.,_,1.4048738974153,81
TES,.,0,100,0,TS,64_PP,early,12,.,_,1.20867982116682,81
TES,.,0,100,0,TS,CPD,early,12,.,_,1.43610551930528,81
TES,.,0,100,0,NTS,64_PP,early,12,.,_,1.2043775205558,82
TES,.,0,100,0,NTS,CPD,early,12,.,_,1.43761118067101,82
TES,.,0,100,0,TS,64_PP,early,12,.,_,1.18739642615603,82
TES,.,0,100,0,TS,CPD,early,12,.,_,1.458183099145,82
TES,.,0,100,0,NTS,64_PP,early,12,.,_,1.16709449939608,83
TES,.,0,100,0,NTS,CPD,early,12,.,_,1.43802572749038,83
TES,.,0,100,0,TS,64_PP,early,12,.,_,1.23223855868222,83
TES,.,0,100,0,TS,CPD,early,12,.,_,1.45496037904515,83
TES,.,0,100,0,NTS,64_PP,early,12,.,_,1.19338909486824,84
TES,.,0,100,0,NTS,CPD,early,12,.,_,1.42191538991438,84
TES,.,0,100,0,TS,64_PP,early,12,.,_,1.19903425097796,84
TES,.,0,100,0,TS,CPD,early,12,.,_,1.45282286547869,84
TES,.,0,100,0,NTS,64_PP,early,12,.,_,1.17268433661309,85
TES,.,0,100,0,NTS,CPD,early,12,.,_,1.41781479298384,85
TES,.,0,100,0,TS,64_PP,early,12,.,_,1.21410022987684,85
TES,.,0,100,0,TS,CPD,early,12,.,_,1.4401055513638,85
TES,.,0,100,0,NTS,64_PP,early,12,.,_,1.19106374703306,86
TES,.,0,100,0,NTS,CPD,early,12,.,_,1.46735457129014,86
TES,.,0,100,0,TS,64_PP,early,12,.,_,1.20418479086017,86
TES,.,0,100,0,TS,CPD,early,12,.,_,1.47268321623641,86
TES,.,0,100,0,NTS,64_PP,early,12,.,_,1.19158716922232,87
TES,.,0,100,0,NTS,CPD,early,12,.,_,1.4960805378328,87
TES,.,0,100,0,TS,64_PP,early,12,.,_,1.1728138720529,87
TES,.,0,100,0,TS,CPD,early,12,.,_,1.39822099714641,87
TES,.,0,100,0,NTS,64_PP,early,12,.,_,1.12725321022647,88
TES,.,0,100,0,NTS,CPD,early,12,.,_,1.40941517574527,88
TES,.,0,100,0,TS,64_PP,early,12,.,_,1.19416753305045,88
TES,.,0,100,0,TS,CPD,early,12,.,_,1.41117584232926,88
TES,.,0,100,0,NTS,64_PP,early,12,.,_,1.20575254925121,-82
TES,.,0,100,0,NTS,CPD,early,12,.,_,1.49308552713531,-82
TES,.,0,100,0,TS,64_PP,early,12,.,_,1.20161342441473,-82
TES,.,0,100,0,TS,CPD,early,12,.,_,1.44023981260937,-82
TES,.,0,100,0,NTS,64_PP,early,12,.,_,1.20886540120182,89
TES,.,0,100,0,NTS,CPD,early,12,.,_,1.42505375643583,89
TES,.,0,100,0,TS,64_PP,early,12,.,_,1.1926758819682,89
TES,.,0,100,0,TS,CPD,early,12,.,_,1.37496288678161,89
TES,.,0,100,0,NTS,64_PP,early,12,.,_,1.18905885639269,90
TES,.,0,100,0,NTS,CPD,early,12,.,_,1.46184782752285,90
TES,.,0,100,0,TS,64_PP,early,12,.,_,1.16866136054933,90
TES,.,0,100,0,TS,CPD,early,12,.,_,1.43007444597524,90
TES,.,0,100,0,NTS,64_PP,early,12,.,_,1.17960147820934,91
TES,.,0,100,0,NTS,CPD,early,12,.,_,1.40642295109828,91
TES,.,0,100,0,TS,64_PP,early,12,.,_,1.19611546504798,91
TES,.,0,100,0,TS,CPD,early,12,.,_,1.42324835263527,91
TES,.,0,100,0,NTS,64_PP,early,12,.,_,1.21332196462176,92
TES,.,0,100,0,NTS,CPD,early,12,.,_,1.44838086462793,92
TES,.,0,100,0,TS,64_PP,early,12,.,_,1.16749880205301,92
TES,.,0,100,0,TS,CPD,early,12,.,_,1.40838693622083,92
TES,.,0,100,0,NTS,64_PP,early,12,.,_,1.19863319279335,93
TES,.,0,100,0,NTS,CPD,early,12,.,_,1.43701362577638,93
TES,.,0,100,0,TS,64_PP,early,12,.,_,1.18379847734891,93
TES,.,0,100,0,TS,CPD,early,12,.,_,1.39457587890501,93
TES,.,0,100,0,NTS,64_PP,early,12,.,_,1.21090254392183,94
TES,.,0,100,0,NTS,CPD,early,12,.,_,1.42505714107699,94
TES,.,0,100,0,TS,64_PP,early,12,.,_,1.19935461411159,94
TES,.,0,100,0,TS,CPD,early,12,.,_,1.4329108121031,94
TES,.,0,100,0,NTS,64_PP,early,12,.,_,1.18523164534483,95
TES,.,0,100,0,NTS,CPD,early,12,.,_,1.44935741596757,95
TES,.,0,100,0,TS,64_PP,early,12,.,_,1.14070187850151,95
TES,.,0,100,0,TS,CPD,early,12,.,_,1.40104765621258,95
TES,.,0,100,0,NTS,64_PP,early,12,.,_,1.18560110611357,96
TES,.,0,100,0,NTS,CPD,early,12,.,_,1.39589833382739,96
TES,.,0,100,0,TS,64_PP,early,12,.,_,1.18706150645768,96
TES,.,0,100,0,TS,CPD,early,12,.,_,1.40225387848217,96
TES,.,0,100,0,NTS,64_PP,early,12,.,_,1.17796802920205,97
TES,.,0,100,0,NTS,CPD,early,12,.,_,1.37358156815627,97
TES,.,0,100,0,TS,64_PP,early,12,.,_,1.17068187874069,97
TES,.,0,100,0,TS,CPD,early,12,.,_,1.38882215130347,97
TES,.,0,100,0,NTS,64_PP,early,12,.,_,1.1767816267789,98
TES,.,0,100,0,NTS,CPD,early,12,.,_,1.41669172488782,98
TES,.,0,100,0,TS,64_PP,early,12,.,_,1.16828523004987,98
TES,.,0,100,0,TS,CPD,early,12,.,_,1.39589099691407,98
TES,.,0,100,0,NTS,64_PP,early,12,.,_,1.22819618774865,-99
TES,.,0,100,0,NTS,CPD,early,12,.,_,1.46574123956287,-99
TES,.,0,100,0,TS,64_PP,early,12,.,_,1.23538069436077,-99
TES,.,0,100,0,TS,CPD,early,12,.,_,1.48994709257366,-99
TES,.,0,100,0,NTS,64_PP,early,12,.,_,1.28352532969715,-81
TES,.,0,100,0,NTS,CPD,early,12,.,_,1.52408310147594,-81
TES,.,0,100,0,TS,64_PP,early,12,.,_,1.20098561194236,-81
TES,.,0,100,0,TS,CPD,early,12,.,_,1.53772278794945,-81
TES,.,0,100,0,NTS,64_PP,early,12,.,_,1.2046602507213,99
TES,.,0,100,0,NTS,CPD,early,12,.,_,1.39462429549102,99
TES,.,0,100,0,TS,64_PP,early,12,.,_,1.21618820813875,99
TES,.,0,100,0,TS,CPD,early,12,.,_,1.41047036752793,99
TES,.,0,100,0,NTS,64_PP,early,12,.,_,1.23631019329891,100
TES,.,0,100,0,NTS,CPD,early,12,.,_,1.39834563114021,100
TES,.,0,100,0,TS,64_PP,early,12,.,_,1.19448413852129,100
TES,.,0,100,0,TS,CPD,early,12,.,_,1.39503203683554,100
TES,.,0,100,0,NTS,64_PP,early,12,.,_,1.2589550288623,-80
TES,.,0,100,0,NTS,CPD,early,12,.,_,1.50558423138702,-80
TES,.,0,100,0,TS,64_PP,early,12,.,_,1.19991768892845,-80
TES,.,0,100,0,TS,CPD,early,12,.,_,1.49523527871517,-80
TES,.,0,100,0,NTS,64_PP,early,12,.,_,1.22362744466997,-79
TES,.,0,100,0,NTS,CPD,early,12,.,_,1.5352487642064,-79
TES,.,0,100,0,TS,64_PP,early,12,.,_,1.21247462377255,-79
TES,.,0,100,0,TS,CPD,early,12,.,_,1.52382418695342,-79
TES,.,0,100,0,NTS,64_PP,early,12,.,_,1.24521979642751,-78
TES,.,0,100,0,NTS,CPD,early,12,.,_,1.46626305593644,-78
TES,.,0,100,0,TS,64_PP,early,12,.,_,1.19682320285635,-78
TES,.,0,100,0,TS,CPD,early,12,.,_,1.54593348894049,-78
TES,.,0,100,0,NTS,64_PP,early,12,.,_,1.24984332680673,-77
TES,.,0,100,0,NTS,CPD,early,12,.,_,1.53131593448738,-77
TES,.,0,100,0,TS,64_PP,early,12,.,_,1.2348376407016,-77
TES,.,0,100,0,TS,CPD,early,12,.,_,1.53864345467452,-77
TES,.,0,100,0,NTS,64_PP,early,12,.,_,1.28519396801663,-76
TES,.,0,100,0,NTS,CPD,early,12,.,_,1.49760502969289,-76
TES,.,0,100,0,TS,64_PP,early,12,.,_,1.25641822283779,-76
TES,.,0,100,0,TS,CPD,early,12,.,_,1.55078703907668,-76
TES,.,0,100,0,NTS,64_PP,early,12,.,_,1.23610100474011,-75
TES,.,0,100,0,NTS,CPD,early,12,.,_,1.5228734710007,-75
TES,.,0,100,0,TS,64_PP,early,12,.,_,1.22805520057226,-75
TES,.,0,100,0,TS,CPD,early,12,.,_,1.46710172959533,-75
TES,.,0,100,0,NTS,64_PP,early,12,.,_,1.26077714843237,-74
TES,.,0,100,0,NTS,CPD,early,12,.,_,1.50517370629612,-74
TES,.,0,100,0,TS,64_PP,early,12,.,_,1.24404030815668,-74
TES,.,0,100,0,TS,CPD,early,12,.,_,1.56898962059046,-74
TES,.,0,100,0,NTS,64_PP,early,12,.,_,1.23014255165261,-73
TES,.,0,100,0,NTS,CPD,early,12,.,_,1.52415486148748,-73
TES,.,0,100,0,TS,64_PP,early,12,.,_,1.2226786735509,-73
TES,.,0,100,0,TS,CPD,early,12,.,_,1.4622029716291,-73
TES,.,0,100,0,NTS,64_PP,early,12,.,_,1.18805504170917,-72
TES,.,0,100,0,NTS,CPD,early,12,.,_,1.53175882142924,-72
TES,.,0,100,0,TS,64_PP,early,12,.,_,1.22727453842507,-72
TES,.,0,100,0,TS,CPD,early,12,.,_,1.5316919733822,-72
TES,.,0,100,0,NTS,64_PP,early,12,.,_,1.23748856379998,-98
TES,.,0,100,0,NTS,CPD,early,12,.,_,1.48052532237362,-98
TES,.,0,100,0,TS,64_PP,early,12,.,_,1.15331384924019,-98
TES,.,0,100,0,TS,CPD,early,12,.,_,1.46907898927725,-98
TES,.,0,100,0,NTS,64_PP,early,12,.,_,1.26455325516728,-71
TES,.,0,100,0,NTS,CPD,early,12,.,_,1.48373952315599,-71
TES,.,0,100,0,TS,64_PP,early,12,.,_,1.24350909995237,-71
TES,.,0,100,0,TS,CPD,early,12,.,_,1.46232306341237,-71
TES,.,0,100,0,NTS,64_PP,early,12,.,_,1.21541617049113,-70
TES,.,0,100,0,NTS,CPD,early,12,.,_,1.46249717693171,-70
TES,.,0,100,0,TS,64_PP,early,12,.,_,1.21570279945324,-70
TES,.,0,100,0,TS,CPD,early,12,.,_,1.51008563019934,-70
TES,.,0,100,0,NTS,64_PP,early,12,.,_,1.25613317622051,-69
TES,.,0,100,0,NTS,CPD,early,12,.,_,1.5043618427786,-69
TES,.,0,100,0,TS,64_PP,early,12,.,_,1.21796922664655,-69
TES,.,0,100,0,TS,CPD,early,12,.,_,1.49351937653121,-69
TES,.,0,100,0,NTS,64_PP,early,12,.,_,1.25191625296218,-68
TES,.,0,100,0,NTS,CPD,early,12,.,_,1.52133212761428,-68
TES,.,0,100,0,TS,64_PP,early,12,.,_,1.21525239518892,-68
TES,.,0,100,0,TS,CPD,early,12,.,_,1.52169924082675,-68
TES,.,0,100,0,NTS,64_PP,early,12,.,_,1.25087596896527,-67
TES,.,0,100,0,NTS,CPD,early,12,.,_,1.53133740999601,-67
TES,.,0,100,0,TS,64_PP,early,12,.,_,1.24239495235261,-67
TES,.,0,100,0,TS,CPD,early,12,.,_,1.52835989112268,-67
TES,.,0,100,0,NTS,64_PP,early,12,.,_,1.27081979836226,-66
TES,.,0,100,0,NTS,CPD,early,12,.,_,1.51445852993119,-66
TES,.,0,100,0,TS,64_PP,early,12,.,_,1.24053143832104,-66
TES,.,0,100,0,TS,CPD,early,12,.,_,1.56340391657895,-66
TES,.,0,100,0,NTS,64_PP,early,12,.,_,1.28365617518756,-65
TES,.,0,100,0,NTS,CPD,early,12,.,_,1.57230823505325,-65
TES,.,0,100,0,TS,64_PP,early,12,.,_,1.2503276236465,-65
TES,.,0,100,0,TS,CPD,early,12,.,_,1.5691677639428,-65
TES,.,0,100,0,NTS,64_PP,early,12,.,_,1.25239134558948,-64
TES,.,0,100,0,NTS,CPD,early,12,.,_,1.53963370089024,-64
TES,.,0,100,0,TS,64_PP,early,12,.,_,1.23958915383803,-64
TES,.,0,100,0,TS,CPD,early,12,.,_,1.52621242567472,-64
TES,.,0,100,0,NTS,64_PP,early,12,.,_,1.26999019818401,-63
TES,.,0,100,0,NTS,CPD,early,12,.,_,1.53095960444137,-63
TES,.,0,100,0,TS,64_PP,early,12,.,_,1.2364166137718,-63
TES,.,0,100,0,TS,CPD,early,12,.,_,1.56605050382066,-63
TES,.,0,100,0,NTS,64_PP,early,12,.,_,1.25326433845711,-62
TES,.,0,100,0,NTS,CPD,early,12,.,_,1.51093255292744,-62
TES,.,0,100,0,TS,64_PP,early,12,.,_,1.2461889788381,-62
TES,.,0,100,0,TS,CPD,early,12,.,_,1.57164056589285,-62
TES,.,0,100,0,NTS,64_PP,early,12,.,_,1.19655992741975,-97
TES,.,0,100,0,NTS,CPD,early,12,.,_,1.43997524923907,-97
TES,.,0,100,0,TS,64_PP,early,12,.,_,1.15947846596732,-97
TES,.,0,100,0,TS,CPD,early,12,.,_,1.48115346853449,-97
TES,.,0,100,0,NTS,64_PP,early,12,.,_,1.24703647743741,-61
TES,.,0,100,0,NTS,CPD,early,12,.,_,1.49181313149739,-61
TES,.,0,100,0,TS,64_PP,early,12,.,_,1.26507311395007,-61
TES,.,0,100,0,TS,CPD,early,12,.,_,1.55987438567054,-61
TES,.,0,100,0,NTS,64_PP,early,12,.,_,1.25739407450074,-60
TES,.,0,100,0,NTS,CPD,early,12,.,_,1.54902370415205,-60
TES,.,0,100,0,TS,64_PP,early,12,.,_,1.27378784102472,-60
TES,.,0,100,0,TS,CPD,early,12,.,_,1.54696641640203,-60
TES,.,0,100,0,NTS,64_PP,early,12,.,_,1.28915578549613,-59
TES,.,0,100,0,NTS,CPD,early,12,.,_,1.52499601189687,-59
TES,.,0,100,0,TS,64_PP,early,12,.,_,1.2658348071223,-59
TES,.,0,100,0,TS,CPD,early,12,.,_,1.57204598196955,-59
TES,.,0,100,0,NTS,64_PP,early,12,.,_,1.26723771562569,-58
TES,.,0,100,0,NTS,CPD,early,12,.,_,1.57284968933861,-58
TES,.,0,100,0,TS,64_PP,early,12,.,_,1.25678344703151,-58
TES,.,0,100,0,TS,CPD,early,12,.,_,1.53936602103092,-58
TES,.,0,100,0,NTS,64_PP,early,12,.,_,1.27924492104375,-57
TES,.,0,100,0,NTS,CPD,early,12,.,_,1.56961999180982,-57
TES,.,0,100,0,TS,64_PP,early,12,.,_,1.23817820103086,-57
TES,.,0,100,0,TS,CPD,early,12,.,_,1.4847486611175,-57
TES,.,0,100,0,NTS,64_PP,early,12,.,_,1.30028251596321,-56
TES,.,0,100,0,NTS,CPD,early,12,.,_,1.56368125364407,-56
TES,.,0,100,0,TS,64_PP,early,12,.,_,1.24080158759441,-56
TES,.,0,100,0,TS,CPD,early,12,.,_,1.55459276779501,-56
TES,.,0,100,0,NTS,64_PP,early,12,.,_,1.24837085296895,-55
TES,.,0,100,0,NTS,CPD,early,12,.,_,1.58125204764206,-55
TES,.,0,100,0,TS,64_PP,early,12,.,_,1.20797732929012,-55
TES,.,0,100,0,TS,CPD,early,12,.,_,1.55491851833964,-55
TES,.,0,100,0,NTS,64_PP,early,12,.,_,1.26748270708402,-54
TES,.,0,100,0,NTS,CPD,early,12,.,_,1.57507455558022,-54
TES,.,0,100,0,TS,64_PP,early,12,.,_,1.24731111540277,-54
TES,.,0,100,0,TS,CPD,early,12,.,_,1.54032049865212,-54
TES,.,0,100,0,NTS,64_PP,early,12,.,_,1.28249683444086,-53
TES,.,0,100,0,NTS,CPD,early,12,.,_,1.61212683157325,-53
TES,.,0,100,0,TS,64_PP,early,12,.,_,1.27546432766918,-53
TES,.,0,100,0,TS,CPD,early,12,.,_,1.57289429596954,-53
TES,.,0,100,0,NTS,64_PP,early,12,.,_,1.26732698597772,-52
TES,.,0,100,0,NTS,CPD,early,12,.,_,1.53370946176316,-52
TES,.,0,100,0,TS,64_PP,early,12,.,_,1.23308645170542,-52
TES,.,0,100,0,TS,CPD,early,12,.,_,1.56060051078354,-52
TES,.,0,100,0,NTS,64_PP,early,12,.,_,1.23137957191514,-96
TES,.,0,100,0,NTS,CPD,early,12,.,_,1.48633467526266,-96
TES,.,0,100,0,TS,64_PP,early,12,.,_,1.16572541298645,-96
TES,.,0,100,0,TS,CPD,early,12,.,_,1.47891362393711,-96
TES,.,0,100,0,NTS,64_PP,early,12,.,_,1.28601890161212,-51
TES,.,0,100,0,NTS,CPD,early,12,.,_,1.55151050409233,-51
TES,.,0,100,0,TS,64_PP,early,12,.,_,1.24182758971408,-51
TES,.,0,100,0,TS,CPD,early,12,.,_,1.61244380573481,-51
TES,.,0,100,0,NTS,64_PP,early,12,.,_,1.26866768530779,-50
TES,.,0,100,0,NTS,CPD,early,12,.,_,1.53137700456097,-50
TES,.,0,100,0,TS,64_PP,early,12,.,_,1.28084330634411,-50
TES,.,0,100,0,TS,CPD,early,12,.,_,1.58747085834057,-50
TES,.,0,100,0,NTS,64_PP,early,12,.,_,1.26546446926991,-49
TES,.,0,100,0,NTS,CPD,early,12,.,_,1.51211034138233,-49
TES,.,0,100,0,TS,64_PP,early,12,.,_,1.25844286857939,-49
TES,.,0,100,0,TS,CPD,early,12,.,_,1.60454835186647,-49
TES,.,0,100,0,NTS,64_PP,early,12,.,_,1.28451236476599,-48
TES,.,0,100,0,NTS,CPD,early,12,.,_,1.56906583826846,-48
TES,.,0,100,0,TS,64_PP,early,12,.,_,1.25322292730916,-48
TES,.,0,100,0,TS,CPD,early,12,.,_,1.55055288056373,-48
TES,.,0,100,0,NTS,64_PP,early,12,.,_,1.28593072047694,-47
TES,.,0,100,0,NTS,CPD,early,12,.,_,1.54600383492882,-47
TES,.,0,100,0,TS,64_PP,early,12,.,_,1.22170681186636,-47
TES,.,0,100,0,TS,CPD,early,12,.,_,1.57333591424347,-47
TES,.,0,100,0,NTS,64_PP,early,12,.,_,1.31135485744564,-46
TES,.,0,100,0,NTS,CPD,early,12,.,_,1.54530375838307,-46
TES,.,0,100,0,TS,64_PP,early,12,.,_,1.28750350553073,-46
TES,.,0,100,0,TS,CPD,early,12,.,_,1.57875006733462,-46
TES,.,0,100,0,NTS,64_PP,early,12,.,_,1.27182811747911,-45
TES,.,0,100,0,NTS,CPD,early,12,.,_,1.5453009518016,-45
TES,.,0,100,0,TS,64_PP,early,12,.,_,1.27654068595286,-45
TES,.,0,100,0,TS,CPD,early,12,.,_,1.54829703067067,-45
TES,.,0,100,0,NTS,64_PP,early,12,.,_,1.30184721491259,-44
TES,.,0,100,0,NTS,CPD,early,12,.,_,1.56516699131538,-44
TES,.,0,100,0,TS,64_PP,early,12,.,_,1.26052923395029,-44
TES,.,0,100,0,TS,CPD,early,12,.,_,1.57393273080697,-44
TES,.,0,100,0,NTS,64_PP,early,12,.,_,1.29016944103378,-43
TES,.,0,100,0,NTS,CPD,early,12,.,_,1.51015008638806,-43
TES,.,0,100,0,TS,64_PP,early,12,.,_,1.25997611567498,-43
TES,.,0,100,0,TS,CPD,early,12,.,_,1.59152647048566,-43
TES,.,0,100,0,NTS,64_PP,early,12,.,_,1.31532658670195,-42
TES,.,0,100,0,NTS,CPD,early,12,.,_,1.50349851043949,-42
TES,.,0,100,0,TS,64_PP,early,12,.,_,1.29326089443159,-42
TES,.,0,100,0,TS,CPD,early,12,.,_,1.57826423110113,-42
TES,.,0,100,0,NTS,64_PP,early,12,.,_,1.19998655359212,-95
TES,.,0,100,0,NTS,CPD,early,12,.,_,1.47805760496827,-95
TES,.,0,100,0,TS,64_PP,early,12,.,_,1.19493255795592,-95
TES,.,0,100,0,TS,CPD,early,12,.,_,1.48652915830575,-95
TES,.,0,100,0,NTS,64_PP,early,12,.,_,1.29577371276662,-41
TES,.,0,100,0,NTS,CPD,early,12,.,_,1.61004696941032,-41
TES,.,0,100,0,TS,64_PP,early,12,.,_,1.25757508582302,-41
TES,.,0,100,0,TS,CPD,early,12,.,_,1.58006096184678,-41
TES,.,0,100,0,NTS,64_PP,early,12,.,_,1.31604415820618,-40
TES,.,0,100,0,NTS,CPD,early,12,.,_,1.61763460383567,-40
TES,.,0,100,0,TS,64_PP,early,12,.,_,1.28553957728368,-40
TES,.,0,100,0,TS,CPD,early,12,.,_,1.57766465647245,-40
TES,.,0,100,0,NTS,64_PP,early,12,.,_,1.29019277212737,-39
TES,.,0,100,0,NTS,CPD,early,12,.,_,1.58242117146455,-39
TES,.,0,100,0,TS,64_PP,early,12,.,_,1.2725215533139,-39
TES,.,0,100,0,TS,CPD,early,12,.,_,1.61793281639327,-39
TES,.,0,100,0,NTS,64_PP,early,12,.,_,1.2920718990728,-38
TES,.,0,100,0,NTS,CPD,early,12,.,_,1.57443484086982,-38
TES,.,0,100,0,TS,64_PP,early,12,.,_,1.27533466434012,-38
TES,.,0,100,0,TS,CPD,early,12,.,_,1.66055294307712,-38
TES,.,0,100,0,NTS,64_PP,early,12,.,_,1.29518262168161,-37
TES,.,0,100,0,NTS,CPD,early,12,.,_,1.5816295158761,-37
TES,.,0,100,0,TS,64_PP,early,12,.,_,1.27066525313869,-37
TES,.,0,100,0,TS,CPD,early,12,.,_,1.58163336769793,-37
TES,.,0,100,0,NTS,64_PP,early,12,.,_,1.31629199199113,-36
TES,.,0,100,0,NTS,CPD,early,12,.,_,1.60747825559832,-36
TES,.,0,100,0,TS,64_PP,early,12,.,_,1.29072290187524,-36
TES,.,0,100,0,TS,CPD,early,12,.,_,1.62095088328638,-36
TES,.,0,100,0,NTS,64_PP,early,12,.,_,1.32951989106439,-35
TES,.,0,100,0,NTS,CPD,early,12,.,_,1.60940132412151,-35
TES,.,0,100,0,TS,64_PP,early,12,.,_,1.29609983984774,-35
TES,.,0,100,0,TS,CPD,early,12,.,_,1.57183664236025,-35
TES,.,0,100,0,NTS,64_PP,early,12,.,_,1.30984224260171,-34
TES,.,0,100,0,NTS,CPD,early,12,.,_,1.6109877404355,-34
TES,.,0,100,0,TS,64_PP,early,12,.,_,1.30833903060123,-34
TES,.,0,100,0,TS,CPD,early,12,.,_,1.62504795504011,-34
TES,.,0,100,0,NTS,64_PP,early,12,.,_,1.35283360283873,-33
TES,.,0,100,0,NTS,CPD,early,12,.,_,1.6539178328,-33
TES,.,0,100,0,TS,64_PP,early,12,.,_,1.30770235445698,-33
TES,.,0,100,0,TS,CPD,early,12,.,_,1.631177621423,-33
TES,.,0,100,0,NTS,64_PP,early,12,.,_,1.37079238460461,-32
TES,.,0,100,0,NTS,CPD,early,12,.,_,1.59572632781157,-32
TES,.,0,100,0,TS,64_PP,early,12,.,_,1.30134318199139,-32
TES,.,0,100,0,TS,CPD,early,12,.,_,1.58859607101043,-32
TES,.,0,100,0,NTS,64_PP,early,12,.,_,1.22456172971417,-94
TES,.,0,100,0,NTS,CPD,early,12,.,_,1.4412429095276,-94
TES,.,0,100,0,TS,64_PP,early,12,.,_,1.1981958275921,-94
TES,.,0,100,0,TS,CPD,early,12,.,_,1.47447592593377,-94
TES,.,0,100,0,NTS,64_PP,early,12,.,_,1.32674826381796,-31
TES,.,0,100,0,NTS,CPD,early,12,.,_,1.61048751054999,-31
TES,.,0,100,0,TS,64_PP,early,12,.,_,1.28916857180116,-31
TES,.,0,100,0,TS,CPD,early,12,.,_,1.69655494387941,-31
TES,.,0,100,0,NTS,64_PP,early,12,.,_,1.32775487399858,-30
TES,.,0,100,0,NTS,CPD,early,12,.,_,1.64149592842607,-30
TES,.,0,100,0,TS,64_PP,early,12,.,_,1.31099906275772,-30
TES,.,0,100,0,TS,CPD,early,12,.,_,1.5897695590131,-30
TES,.,0,100,0,NTS,64_PP,early,12,.,_,1.31292262862692,-29
TES,.,0,100,0,NTS,CPD,early,12,.,_,1.64236486064836,-29
TES,.,0,100,0,TS,64_PP,early,12,.,_,1.3101643939338,-29
TES,.,0,100,0,TS,CPD,early,12,.,_,1.62148686940785,-29
TES,.,0,100,0,NTS,64_PP,early,12,.,_,1.35902663395257,-28
TES,.,0,100,0,NTS,CPD,early,12,.,_,1.61694891305984,-28
TES,.,0,100,0,TS,64_PP,early,12,.,_,1.31010368110317,-28
TES,.,0,100,0,TS,CPD,early,12,.,_,1.64601111517538,-28
TES,.,0,100,0,NTS,64_PP,early,12,.,_,1.34662386547941,-27
TES,.,0,100,0,NTS,CPD,early,12,.,_,1.61334152731387,-27
TES,.,0,100,0,TS,64_PP,early,12,.,_,1.30261575350527,-27
TES,.,0,100,0,TS,CPD,early,12,.,_,1.65211681387896,-27
TES,.,0,100,0,NTS,64_PP,early,12,.,_,1.28807355281666,-26
TES,.,0,100,0,NTS,CPD,early,12,.,_,1.65145769533174,-26
TES,.,0,100,0,TS,64_PP,early,12,.,_,1.29283926445886,-26
TES,.,0,100,0,TS,CPD,early,12,.,_,1.61643619545744,-26
TES,.,0,100,0,NTS,64_PP,early,12,.,_,1.35711186603225,-25
TES,.,0,100,0,NTS,CPD,early,12,.,_,1.65161034541518,-25
TES,.,0,100,0,TS,64_PP,early,12,.,_,1.32328760085568,-25
TES,.,0,100,0,TS,CPD,early,12,.,_,1.60436847607307,-25
TES,.,0,100,0,NTS,64_PP,early,12,.,_,1.33824168802214,-24
TES,.,0,100,0,NTS,CPD,early,12,.,_,1.64662921314089,-24
TES,.,0,100,0,TS,64_PP,early,12,.,_,1.34537496854535,-24
TES,.,0,100,0,TS,CPD,early,12,.,_,1.66010553534784,-24
TES,.,0,100,0,NTS,64_PP,early,12,.,_,1.36297210858375,-23
TES,.,0,100,0,NTS,CPD,early,12,.,_,1.67331918047438,-23
TES,.,0,100,0,TS,64_PP,early,12,.,_,1.31515606663758,-23
TES,.,0,100,0,TS,CPD,early,12,.,_,1.66766830230561,-23
TES,.,0,100,0,NTS,64_PP,early,12,.,_,1.35296097812792,-22
TES,.,0,100,0,NTS,CPD,early,12,.,_,1.68335474866969,-22
TES,.,0,100,0,TS,64_PP,early,12,.,_,1.28769284722978,-22
TES,.,0,100,0,TS,CPD,early,12,.,_,1.63326696292633,-22
TES,.,0,100,0,NTS,64_PP,early,12,.,_,1.1774848864786,-93
TES,.,0,100,0,NTS,CPD,early,12,.,_,1.43815047004928,-93
TES,.,0,100,0,TS,64_PP,early,12,.,_,1.16556287931813,-93
TES,.,0,100,0,TS,CPD,early,12,.,_,1.46050079162624,-93
TES,.,0,100,0,NTS,64_PP,early,12,.,_,1.33844919977086,-21
TES,.,0,100,0,NTS,CPD,early,12,.,_,1.63864380700839,-21
TES,.,0,100,0,TS,64_PP,early,12,.,_,1.29815759345652,-21
TES,.,0,100,0,TS,CPD,early,12,.,_,1.57610356783219,-21
TES,.,0,100,0,NTS,64_PP,early,12,.,_,1.34259487432665,-20
TES,.,0,100,0,NTS,CPD,early,12,.,_,1.61358651046661,-20
TES,.,0,100,0,TS,64_PP,early,12,.,_,1.3354309026033,-20
TES,.,0,100,0,TS,CPD,early,12,.,_,1.6165517434554,-20
TES,.,0,100,0,NTS,64_PP,early,12,.,_,1.36193053720578,-19
TES,.,0,100,0,NTS,CPD,early,12,.,_,1.71270016943735,-19
TES,.,0,100,0,TS,64_PP,early,12,.,_,1.30530099069429,-19
TES,.,0,100,0,TS,CPD,early,12,.,_,1.62793746206079,-19
TES,.,0,100,0,NTS,64_PP,early,12,.,_,1.34253573813844,-18
TES,.,0,100,0,NTS,CPD,early,12,.,_,1.62375603526465,-18
TES,.,0,100,0,TS,64_PP,early,12,.,_,1.34933357357887,-18
TES,.,0,100,0,TS,CPD,early,12,.,_,1.7137621405123,-18
TES,.,0,100,0,NTS,64_PP,early,12,.,_,1.44549465951885,-17
TES,.,0,100,0,NTS,CPD,early,12,.,_,1.64486924224951,-17
TES,.,0,100,0,TS,64_PP,early,12,.,_,1.32150275711801,-17
TES,.,0,100,0,TS,CPD,early,12,.,_,1.63092275136151,-17
TES,.,0,100,0,NTS,64_PP,early,12,.,_,1.35520631445592,-16
TES,.,0,100,0,NTS,CPD,early,12,.,_,1.70255344861144,-16
TES,.,0,100,0,TS,64_PP,early,12,.,_,1.31824855982906,-16
TES,.,0,100,0,TS,CPD,early,12,.,_,1.6335861398357,-16
TES,.,0,100,0,NTS,64_PP,early,12,.,_,1.39635517834579,-15
TES,.,0,100,0,NTS,CPD,early,12,.,_,1.67077709455965,-15
TES,.,0,100,0,TS,64_PP,early,12,.,_,1.35962983306171,-15
TES,.,0,100,0,TS,CPD,early,12,.,_,1.73119914032978,-15
TES,.,0,100,0,NTS,64_PP,early,12,.,_,1.3784276357522,-14
TES,.,0,100,0,NTS,CPD,early,12,.,_,1.71552423752222,-14
TES,.,0,100,0,TS,64_PP,early,12,.,_,1.3618556240463,-14
TES,.,0,100,0,TS,CPD,early,12,.,_,1.67928628834936,-14
TES,.,0,100,0,NTS,64_PP,early,12,.,_,1.39609028156562,-13
TES,.,0,100,0,NTS,CPD,early,12,.,_,1.67214709148829,-13
TES,.,0,100,0,TS,64_PP,early,12,.,_,1.31768145232237,-13
TES,.,0,100,0,TS,CPD,early,12,.,_,1.68185569873989,-13
TES,.,0,100,0,NTS,64_PP,early,12,.,_,1.42157304364853,-12
TES,.,0,100,0,NTS,CPD,early,12,.,_,1.63967854438505,-12
TES,.,0,100,0,TS,64_PP,early,12,.,_,1.37268711432591,-12
TES,.,0,100,0,TS,CPD,early,12,.,_,1.66561830093425,-12
TES,.,0,100,0,NTS,64_PP,early,12,.,_,1.2222109422862,-92
TES,.,0,100,0,NTS,CPD,early,12,.,_,1.43581554882695,-92
TES,.,0,100,0,TS,64_PP,early,12,.,_,1.21938663319072,-92
TES,.,0,100,0,TS,CPD,early,12,.,_,1.48801914713664,-92
TES,.,0,100,0,NTS,64_PP,early,12,.,_,1.44594938193042,-11
TES,.,0,100,0,NTS,CPD,early,12,.,_,1.69431205290355,-11
TES,.,0,100,0,TS,64_PP,early,12,.,_,1.39206571250082,-11
TES,.,0,100,0,TS,CPD,early,12,.,_,1.67907065654047,-11
TES,.,0,100,0,NTS,64_PP,early,12,.,_,1.37394170152366,-10
TES,.,0,100,0,NTS,CPD,early,12,.,_,1.70529666819856,-10
TES,.,0,100,0,TS,64_PP,early,12,.,_,1.37250094417072,-10
TES,.,0,100,0,TS,CPD,early,12,.,_,1.66795765672786,-10
TES,.,0,100,0,NTS,64_PP,early,12,.,_,1.45858539067853,-9
TES,.,0,100,0,NTS,CPD,early,12,.,_,1.72677184131891,-9
TES,.,0,100,0,TS,64_PP,early,12,.,_,1.370800228212,-9
TES,.,0,100,0,TS,CPD,early,12,.,_,1.70791260156284,-9
TES,.,0,100,0,NTS,64_PP,early,12,.,_,1.45374836887031,-8
TES,.,0,100,0,NTS,CPD,early,12,.,_,1.7647929775967,-8
TES,.,0,100,0,TS,64_PP,early,12,.,_,1.40682112287283,-8
TES,.,0,100,0,TS,CPD,early,12,.,_,1.70380417642512,-8
TES,.,0,100,0,NTS,64_PP,early,12,.,_,1.3920298152085,-7
TES,.,0,100,0,NTS,CPD,early,12,.,_,1.72218934148504,-7
TES,.,0,100,0,TS,64_PP,early,12,.,_,1.38705718072783,-7
TES,.,0,100,0,TS,CPD,early,12,.,_,1.69197939827552,-7
TES,.,0,100,0,NTS,64_PP,early,12,.,_,1.4301755658783,-6
TES,.,0,100,0,NTS,CPD,early,12,.,_,1.74844140430585,-6
TES,.,0,100,0,TS,64_PP,early,12,.,_,1.3948554521905,-6
TES,.,0,100,0,TS,CPD,early,12,.,_,1.69861486018664,-6
TES,.,0,100,0,NTS,64_PP,early,12,.,_,1.472786443945,-5
TES,.,0,100,0,NTS,CPD,early,12,.,_,1.76904743124891,-5
TES,.,0,100,0,TS,64_PP,early,12,.,_,1.40564853633369,-5
TES,.,0,100,0,TS,CPD,early,12,.,_,1.76586298989711,-5
TES,.,0,100,0,NTS,64_PP,early,12,.,_,1.42696949378535,-4
TES,.,0,100,0,NTS,CPD,early,12,.,_,1.75732259785285,-4
TES,.,0,100,0,TS,64_PP,early,12,.,_,1.3980770295344,-4
TES,.,0,100,0,TS,CPD,early,12,.,_,1.64665583009503,-4
TES,.,0,100,0,NTS,64_PP,early,12,.,_,1.38319390444974,-3
TES,.,0,100,0,NTS,CPD,early,12,.,_,1.77007596889211,-3
TES,.,0,100,0,TS,64_PP,early,12,.,_,1.33548539495837,-3
TES,.,0,100,0,TS,CPD,early,12,.,_,1.64245002978754,-3
TES,.,0,100,0,NTS,64_PP,early,12,.,_,1.40081173113159,-2
TES,.,0,100,0,NTS,CPD,early,12,.,_,1.79821142115502,-2
TES,.,0,100,0,TS,64_PP,early,12,.,_,1.31842007993349,-2
TES,.,0,100,0,TS,CPD,early,12,.,_,1.56873583246555,-2
