repdomains,log2val,sample_strand,direction,windows
ERD,0.458585009011465,-,Left Replicating,-1
ERD,0.593948028154134,+,Left Replicating,-1
LRD,-0.805445688092411,-,Left Replicating,-1
LRD,-0.78414298354934,+,Left Replicating,-1
ERD,0.425163116344633,-,Left Replicating,-10
ERD,0.224686473234483,+,Left Replicating,-10
LRD,-1.2411992689762,-,Left Replicating,-10
LRD,-0.93834900163032,+,Left Replicating,-10
ERD,0.398862205982342,-,Left Replicating,-100
ERD,0.308374919739018,+,Left Replicating,-100
LRD,-1.31241007407272,-,Left Replicating,-100
LRD,-1.04088042646735,+,Left Replicating,-100
ERD,0.459827549290923,-,Left Replicating,-11
ERD,0.372160219558017,+,Left Replicating,-11
LRD,-1.31450889132483,-,Left Replicating,-11
LRD,-0.89250471707249,+,Left Replicating,-11
ERD,0.269629752584821,-,Left Replicating,-12
ERD,0.508744155544282,+,Left Replicating,-12
LRD,-1.21577269566734,-,Left Replicating,-12
LRD,-1.05279265878046,+,Left Replicating,-12
ERD,0.281118477865796,-,Left Replicating,-13
ERD,0.734840728522198,+,Left Replicating,-13
LRD,-0.956706083522258,-,Left Replicating,-13
LRD,-1.17710929994006,+,Left Replicating,-13
ERD,0.34844795975469,-,Left Replicating,-14
ERD,0.541887920948346,+,Left Replicating,-14
LRD,-1.10725521317564,-,Left Replicating,-14
LRD,-0.719155498458292,+,Left Replicating,-14
ERD,0.162150126962493,-,Left Replicating,-15
ERD,0.387079938695607,+,Left Replicating,-15
LRD,-1.06260468043882,-,Left Replicating,-15
LRD,-0.829729159470118,+,Left Replicating,-15
ERD,0.421755189611352,-,Left Replicating,-16
ERD,0.327042683263216,+,Left Replicating,-16
LRD,-1.26843887984541,-,Left Replicating,-16
LRD,-0.803623444285702,+,Left Replicating,-16
ERD,0.272397410667628,-,Left Replicating,-17
ERD,0.517431160160496,+,Left Replicating,-17
LRD,-0.964098770491236,-,Left Replicating,-17
LRD,-0.929354924149451,+,Left Replicating,-17
ERD,0.353893929992206,-,Left Replicating,-18
ERD,0.148876899527264,+,Left Replicating,-18
LRD,-1.28727308808473,-,Left Replicating,-18
LRD,-1.19517627328454,+,Left Replicating,-18
ERD,0.412658469657211,-,Left Replicating,-19
ERD,0.224769032106678,+,Left Replicating,-19
LRD,-1.51334751817841,-,Left Replicating,-19
LRD,-0.664169000713505,+,Left Replicating,-19
ERD,0.434037177544196,-,Left Replicating,-2
ERD,0.3301121504387,+,Left Replicating,-2
LRD,-0.87411043683021,-,Left Replicating,-2
LRD,-0.666277901692606,+,Left Replicating,-2
ERD,0.288051378772324,-,Left Replicating,-20
ERD,0.384556502751887,+,Left Replicating,-20
LRD,-1.18692920496543,-,Left Replicating,-20
LRD,-0.530039231996142,+,Left Replicating,-20
ERD,0.48942661685159,-,Left Replicating,-21
ERD,0.159986169481388,+,Left Replicating,-21
LRD,-1.39991185089517,-,Left Replicating,-21
LRD,-1.22194010614893,+,Left Replicating,-21
ERD,0.395271224069781,-,Left Replicating,-22
ERD,0.334706445171068,+,Left Replicating,-22
LRD,-1.27800887215465,-,Left Replicating,-22
LRD,-0.835122092517903,+,Left Replicating,-22
ERD,0.418175687961073,-,Left Replicating,-23
ERD,0.554839356515472,+,Left Replicating,-23
LRD,-1.14655279795581,-,Left Replicating,-23
LRD,-1.05662878069285,+,Left Replicating,-23
ERD,0.475712457579462,-,Left Replicating,-24
ERD,0.488185114694921,+,Left Replicating,-24
LRD,-1.23606299246258,-,Left Replicating,-24
LRD,-0.806457789547614,+,Left Replicating,-24
ERD,0.322196812719301,-,Left Replicating,-25
ERD,0.243825267040209,+,Left Replicating,-25
LRD,-0.944925853840217,-,Left Replicating,-25
LRD,-0.680341590903942,+,Left Replicating,-25
ERD,0.388361167438496,-,Left Replicating,-26
ERD,0.170831219267124,+,Left Replicating,-26
LRD,-1.48795979598355,-,Left Replicating,-26
LRD,-0.990906412015663,+,Left Replicating,-26
ERD,0.249364950360636,-,Left Replicating,-27
ERD,0.18273212009498,+,Left Replicating,-27
LRD,-1.4208938441384,-,Left Replicating,-27
LRD,-1.08017197020831,+,Left Replicating,-27
ERD,0.619615478254438,-,Left Replicating,-28
ERD,0.539316106948123,+,Left Replicating,-28
LRD,-1.21510604183771,-,Left Replicating,-28
LRD,-0.521909793072805,+,Left Replicating,-28
ERD,0.766795020751744,-,Left Replicating,-29
ERD,0.449978614975184,+,Left Replicating,-29
LRD,-1.18334141258659,-,Left Replicating,-29
LRD,-0.856545252666247,+,Left Replicating,-29
ERD,0.297212447658732,-,Left Replicating,-3
ERD,0.505909453887265,+,Left Replicating,-3
LRD,-1.02899764993998,-,Left Replicating,-3
LRD,-1.05098751242722,+,Left Replicating,-3
ERD,0.307080119746018,-,Left Replicating,-30
ERD,0.103746385118048,+,Left Replicating,-30
LRD,-1.11837662572017,-,Left Replicating,-30
LRD,-0.545731231948218,+,Left Replicating,-30
ERD,0.182232325367291,-,Left Replicating,-31
ERD,0.441095268691747,+,Left Replicating,-31
LRD,-1.20161744289642,-,Left Replicating,-31
LRD,-0.725419732905487,+,Left Replicating,-31
ERD,0.484837233656178,-,Left Replicating,-32
ERD,0.410816443637854,+,Left Replicating,-32
LRD,-1.39802210986882,-,Left Replicating,-32
LRD,-0.508083514387408,+,Left Replicating,-32
ERD,0.296179586434766,-,Left Replicating,-33
ERD,0.564547103263402,+,Left Replicating,-33
LRD,-1.47310114326896,-,Left Replicating,-33
LRD,-0.590255933470886,+,Left Replicating,-33
ERD,0.554041799312742,-,Left Replicating,-34
ERD,0.616252485877973,+,Left Replicating,-34
LRD,-1.38191372614126,-,Left Replicating,-34
LRD,-0.994585050203218,+,Left Replicating,-34
ERD,0.299534537951833,-,Left Replicating,-35
ERD,0.486828859558894,+,Left Replicating,-35
LRD,-1.19987558892377,-,Left Replicating,-35
LRD,-0.940296235936302,+,Left Replicating,-35
ERD,0.275130305827846,-,Left Replicating,-36
ERD,0.306342509145672,+,Left Replicating,-36
LRD,-1.22138503988003,-,Left Replicating,-36
LRD,-1.03026929525171,+,Left Replicating,-36
ERD,0.425769927858838,-,Left Replicating,-37
ERD,0.264330695858881,+,Left Replicating,-37
LRD,-0.966219218453073,-,Left Replicating,-37
LRD,-0.980845179857206,+,Left Replicating,-37
ERD,0.480929266082016,-,Left Replicating,-38
ERD,0.490842898811609,+,Left Replicating,-38
LRD,-1.47310890640375,-,Left Replicating,-38
LRD,-1.1261514328616,+,Left Replicating,-38
ERD,0.423255173806032,-,Left Replicating,-39
ERD,0.52335568735857,+,Left Replicating,-39
LRD,-1.68156432389723,-,Left Replicating,-39
LRD,-1.0804345512205,+,Left Replicating,-39
ERD,0.468808117686045,-,Left Replicating,-4
ERD,0.321499251529591,+,Left Replicating,-4
LRD,-0.682820688676646,-,Left Replicating,-4
LRD,-0.784365816363727,+,Left Replicating,-4
ERD,0.298455884561233,-,Left Replicating,-40
ERD,0.65318430355472,+,Left Replicating,-40
LRD,-1.57596856637832,-,Left Replicating,-40
LRD,-0.903634833844517,+,Left Replicating,-40
ERD,0.250296025791527,-,Left Replicating,-41
ERD,0.38020390251638,+,Left Replicating,-41
LRD,-1.30986272443333,-,Left Replicating,-41
LRD,-1.10061673113106,+,Left Replicating,-41
ERD,0.34026485505616,-,Left Replicating,-42
ERD,0.247366245519542,+,Left Replicating,-42
LRD,-1.41546974796099,-,Left Replicating,-42
LRD,-0.814559421256502,+,Left Replicating,-42
ERD,0.506752806589238,-,Left Replicating,-43
ERD,0.605277366203408,+,Left Replicating,-43
LRD,-1.43233893983155,-,Left Replicating,-43
LRD,-0.896035470739286,+,Left Replicating,-43
ERD,0.353137829216633,-,Left Replicating,-44
ERD,0.288196576320131,+,Left Replicating,-44
LRD,-1.43860254709565,-,Left Replicating,-44
LRD,-0.907437265905054,+,Left Replicating,-44
ERD,0.378521619960622,-,Left Replicating,-45
ERD,0.241436155372408,+,Left Replicating,-45
LRD,-1.25529752836652,-,Left Replicating,-45
LRD,-0.803682556920744,+,Left Replicating,-45
ERD,0.268591500873626,-,Left Replicating,-46
ERD,0.404836306530096,+,Left Replicating,-46
LRD,-1.23542616298346,-,Left Replicating,-46
LRD,-0.724073581840062,+,Left Replicating,-46
ERD,0.401419228328224,-,Left Replicating,-47
ERD,0.387171711862221,+,Left Replicating,-47
LRD,-1.53431207527809,-,Left Replicating,-47
LRD,-1.03164486803497,+,Left Replicating,-47
ERD,0.4377697044673,-,Left Replicating,-48
ERD,0.386364594082748,+,Left Replicating,-48
LRD,-1.19426338568705,-,Left Replicating,-48
LRD,-0.844719705716722,+,Left Replicating,-48
ERD,0.353115678001141,-,Left Replicating,-49
ERD,0.51662481109143,+,Left Replicating,-49
LRD,-1.36226984576982,-,Left Replicating,-49
LRD,-0.837991727968142,+,Left Replicating,-49
ERD,0.396540952891836,-,Left Replicating,-5
ERD,0.394970132053219,+,Left Replicating,-5
LRD,-0.97743537234935,-,Left Replicating,-5
LRD,-0.688529976751046,+,Left Replicating,-5
ERD,0.407563179101119,-,Left Replicating,-50
ERD,0.467449120188695,+,Left Replicating,-50
LRD,-1.16498004738024,-,Left Replicating,-50
LRD,-0.548497622537865,+,Left Replicating,-50
ERD,0.613638655619156,-,Left Replicating,-51
ERD,0.37239625712055,+,Left Replicating,-51
LRD,-1.30194556730946,-,Left Replicating,-51
LRD,-1.46189290349457,+,Left Replicating,-51
ERD,0.399435764736503,-,Left Replicating,-52
ERD,0.62272492992168,+,Left Replicating,-52
LRD,-1.30024915412968,-,Left Replicating,-52
LRD,-0.489579235106497,+,Left Replicating,-52
ERD,0.549376912944189,-,Left Replicating,-53
ERD,0.440485255875758,+,Left Replicating,-53
LRD,-1.32675769580757,-,Left Replicating,-53
LRD,-0.989275822785139,+,Left Replicating,-53
ERD,0.490162262680804,-,Left Replicating,-54
ERD,0.310840830793618,+,Left Replicating,-54
LRD,-1.24534927797335,-,Left Replicating,-54
LRD,-1.00963112266235,+,Left Replicating,-54
ERD,0.286695099036,-,Left Replicating,-55
ERD,0.397331078615109,+,Left Replicating,-55
LRD,-1.49130193046068,-,Left Replicating,-55
LRD,-0.852442610421258,+,Left Replicating,-55
ERD,0.647561776848219,-,Left Replicating,-56
ERD,0.479572132021402,+,Left Replicating,-56
LRD,-1.3072563945305,-,Left Replicating,-56
LRD,-1.03359418095144,+,Left Replicating,-56
ERD,0.541304201741828,-,Left Replicating,-57
ERD,0.407372539674414,+,Left Replicating,-57
LRD,-1.62671951259591,-,Left Replicating,-57
LRD,-1.19134590230475,+,Left Replicating,-57
ERD,0.474737430072755,-,Left Replicating,-58
ERD,0.547786094170712,+,Left Replicating,-58
LRD,-1.41903133160238,-,Left Replicating,-58
LRD,-0.650984824892949,+,Left Replicating,-58
ERD,0.194889659229002,-,Left Replicating,-59
ERD,0.498429072476975,+,Left Replicating,-59
LRD,-1.38941196420959,-,Left Replicating,-59
LRD,-1.08160503973632,+,Left Replicating,-59
ERD,0.341994310601556,-,Left Replicating,-6
ERD,0.276815206454793,+,Left Replicating,-6
LRD,-1.01626882295138,-,Left Replicating,-6
LRD,-0.660132171899066,+,Left Replicating,-6
ERD,0.418552178291422,-,Left Replicating,-60
ERD,0.566722655466059,+,Left Replicating,-60
LRD,-1.04175729462479,-,Left Replicating,-60
LRD,-1.11355366752437,+,Left Replicating,-60
ERD,0.638518054156064,-,Left Replicating,-61
ERD,0.352200742745981,+,Left Replicating,-61
LRD,-1.50677640462917,-,Left Replicating,-61
LRD,-0.660930697801286,+,Left Replicating,-61
ERD,0.471831686601618,-,Left Replicating,-62
ERD,0.329274604020532,+,Left Replicating,-62
LRD,-1.61680342300888,-,Left Replicating,-62
LRD,-0.943926127274855,+,Left Replicating,-62
ERD,0.32750050954079,-,Left Replicating,-63
ERD,0.515000288775738,+,Left Replicating,-63
LRD,-1.33762798985758,-,Left Replicating,-63
LRD,-1.05020038989037,+,Left Replicating,-63
ERD,0.594481122460068,-,Left Replicating,-64
ERD,0.406399089028777,+,Left Replicating,-64
LRD,-1.42028031313463,-,Left Replicating,-64
LRD,-0.832170622618455,+,Left Replicating,-64
ERD,0.480410034645735,-,Left Replicating,-65
ERD,0.232349366863162,+,Left Replicating,-65
LRD,-1.34772561829464,-,Left Replicating,-65
LRD,-1.27225514731264,+,Left Replicating,-65
ERD,0.426527737463515,-,Left Replicating,-66
ERD,0.455151889632367,+,Left Replicating,-66
LRD,-1.41501203772717,-,Left Replicating,-66
LRD,-0.809775485518946,+,Left Replicating,-66
ERD,0.506199356385432,-,Left Replicating,-67
ERD,0.483769933645514,+,Left Replicating,-67
LRD,-1.45873045801483,-,Left Replicating,-67
LRD,-0.819464581245567,+,Left Replicating,-67
ERD,0.354612042097111,-,Left Replicating,-68
ERD,0.562115466038512,+,Left Replicating,-68
LRD,-1.24687898024734,-,Left Replicating,-68
LRD,-0.916962618928596,+,Left Replicating,-68
ERD,0.356071922095825,-,Left Replicating,-69
ERD,0.62441017790182,+,Left Replicating,-69
LRD,-1.24803715299774,-,Left Replicating,-69
LRD,-1.02469199680593,+,Left Replicating,-69
ERD,0.303931501737895,-,Left Replicating,-7
ERD,0.411299690920644,+,Left Replicating,-7
LRD,-0.847978554551272,-,Left Replicating,-7
LRD,-0.703097949937766,+,Left Replicating,-7
ERD,0.420217641237685,-,Left Replicating,-70
ERD,0.411992210298837,+,Left Replicating,-70
LRD,-1.2829159735356,-,Left Replicating,-70
LRD,-0.909327986430095,+,Left Replicating,-70
ERD,0.381574821452499,-,Left Replicating,-71
ERD,0.385581039671859,+,Left Replicating,-71
LRD,-1.41394592896686,-,Left Replicating,-71
LRD,-0.948371107086512,+,Left Replicating,-71
ERD,0.390545606155212,-,Left Replicating,-72
ERD,0.243939316452186,+,Left Replicating,-72
LRD,-1.25487340341487,-,Left Replicating,-72
LRD,-1.09982458566105,+,Left Replicating,-72
ERD,0.632545830072933,-,Left Replicating,-73
ERD,0.528837210276235,+,Left Replicating,-73
LRD,-1.33085881938471,-,Left Replicating,-73
LRD,-1.1808811737663,+,Left Replicating,-73
ERD,0.375392947184441,-,Left Replicating,-74
ERD,0.31615137027766,+,Left Replicating,-74
LRD,-1.11476912074694,-,Left Replicating,-74
LRD,-1.21735000206533,+,Left Replicating,-74
ERD,0.459078636366346,-,Left Replicating,-75
ERD,0.546834129816194,+,Left Replicating,-75
LRD,-1.42808077061206,-,Left Replicating,-75
LRD,-1.23720430880375,+,Left Replicating,-75
ERD,0.623030275636669,-,Left Replicating,-76
ERD,0.363995489542636,+,Left Replicating,-76
LRD,-1.30166181609251,-,Left Replicating,-76
LRD,-1.00883430140629,+,Left Replicating,-76
ERD,0.380391702257719,-,Left Replicating,-77
ERD,0.39582047063949,+,Left Replicating,-77
LRD,-1.13441942669885,-,Left Replicating,-77
LRD,-0.826557792242699,+,Left Replicating,-77
ERD,0.297815912787781,-,Left Replicating,-78
ERD,0.671815327348926,+,Left Replicating,-78
LRD,-1.04163935923174,-,Left Replicating,-78
LRD,-1.0504304137693,+,Left Replicating,-78
ERD,0.617277788826692,-,Left Replicating,-79
ERD,0.633897196694662,+,Left Replicating,-79
LRD,-1.40755398440244,-,Left Replicating,-79
LRD,-0.684019537487065,+,Left Replicating,-79
ERD,0.445323131627952,-,Left Replicating,-8
ERD,0.507804982784977,+,Left Replicating,-8
LRD,-1.06991394955963,-,Left Replicating,-8
LRD,-0.959689870810116,+,Left Replicating,-8
ERD,0.359704956124366,-,Left Replicating,-80
ERD,0.451936457327532,+,Left Replicating,-80
LRD,-1.05030824009144,-,Left Replicating,-80
LRD,-0.938132435561673,+,Left Replicating,-80
ERD,0.20440703455045,-,Left Replicating,-81
ERD,0.373411196899062,+,Left Replicating,-81
LRD,-1.28723864852956,-,Left Replicating,-81
LRD,-1.26721039819427,+,Left Replicating,-81
ERD,0.71016494868363,-,Left Replicating,-82
ERD,0.42614697897041,+,Left Replicating,-82
LRD,-1.54952201210721,-,Left Replicating,-82
LRD,-0.762970830461945,+,Left Replicating,-82
ERD,0.444264934997351,-,Left Replicating,-83
ERD,0.664807363924803,+,Left Replicating,-83
LRD,-1.29315331983755,-,Left Replicating,-83
LRD,-0.60600856347802,+,Left Replicating,-83
ERD,0.4120770419291,-,Left Replicating,-84
ERD,0.318839926988502,+,Left Replicating,-84
LRD,-1.56686149792073,-,Left Replicating,-84
LRD,-0.941526069717636,+,Left Replicating,-84
ERD,0.228269341271913,-,Left Replicating,-85
ERD,0.104217690405302,+,Left Replicating,-85
LRD,-1.34253140045228,-,Left Replicating,-85
LRD,-0.923370920729361,+,Left Replicating,-85
ERD,0.581468910598316,-,Left Replicating,-86
ERD,0.27797301039468,+,Left Replicating,-86
LRD,-1.60654770761669,-,Left Replicating,-86
LRD,-1.24009017153949,+,Left Replicating,-86
ERD,0.31803912657092,-,Left Replicating,-87
ERD,0.574048241082744,+,Left Replicating,-87
LRD,-1.59402709764344,-,Left Replicating,-87
LRD,-0.761707715007262,+,Left Replicating,-87
ERD,0.244840015742181,-,Left Replicating,-88
ERD,0.355596254839774,+,Left Replicating,-88
LRD,-1.42263762009713,-,Left Replicating,-88
LRD,-1.11706813465971,+,Left Replicating,-88
ERD,0.474916344461174,-,Left Replicating,-89
ERD,0.546787719289842,+,Left Replicating,-89
LRD,-1.43934170041081,-,Left Replicating,-89
LRD,-1.07461614833278,+,Left Replicating,-89
ERD,0.29440193017222,-,Left Replicating,-9
ERD,0.515477556544945,+,Left Replicating,-9
LRD,-0.963087013719922,-,Left Replicating,-9
LRD,-1.07879533973813,+,Left Replicating,-9
ERD,0.390649001786833,-,Left Replicating,-90
ERD,0.388030999339473,+,Left Replicating,-90
LRD,-1.50726754992404,-,Left Replicating,-90
LRD,-1.55059776586735,+,Left Replicating,-90
ERD,0.407257608001039,-,Left Replicating,-91
ERD,0.403683941999067,+,Left Replicating,-91
LRD,-1.37778443372578,-,Left Replicating,-91
LRD,-1.11248646457448,+,Left Replicating,-91
ERD,0.332710646091806,-,Left Replicating,-92
ERD,0.704380516466145,+,Left Replicating,-92
LRD,-1.60964943417626,-,Left Replicating,-92
LRD,-1.06678868815862,+,Left Replicating,-92
ERD,0.394440225963143,-,Left Replicating,-93
ERD,0.265706991706692,+,Left Replicating,-93
LRD,-1.34294197387966,-,Left Replicating,-93
LRD,-1.01353808801555,+,Left Replicating,-93
ERD,0.331301232119483,-,Left Replicating,-94
ERD,0.438710122328546,+,Left Replicating,-94
LRD,-1.33424876887343,-,Left Replicating,-94
LRD,-1.01024700500238,+,Left Replicating,-94
ERD,0.121253801078496,-,Left Replicating,-95
ERD,0.481057054428284,+,Left Replicating,-95
LRD,-1.36382318339407,-,Left Replicating,-95
LRD,-0.92092327315273,+,Left Replicating,-95
ERD,0.594758373967228,-,Left Replicating,-96
ERD,0.700584815595314,+,Left Replicating,-96
LRD,-1.38011206661905,-,Left Replicating,-96
LRD,-0.69999205924133,+,Left Replicating,-96
ERD,0.518104565476971,-,Left Replicating,-97
ERD,0.267665064278186,+,Left Replicating,-97
LRD,-1.37594332477619,-,Left Replicating,-97
LRD,-0.925627256128922,+,Left Replicating,-97
ERD,0.286752019134966,-,Left Replicating,-98
ERD,0.636149207303475,+,Left Replicating,-98
LRD,-1.5096010540956,-,Left Replicating,-98
LRD,-0.871819874125258,+,Left Replicating,-98
ERD,0.112959792772124,-,Left Replicating,-99
ERD,0.346383338639136,+,Left Replicating,-99
LRD,-1.44806075914808,-,Left Replicating,-99
LRD,-1.05111183435322,+,Left Replicating,-99
ERD,0.323701257354684,-,Right Replicating,1
ERD,0.321820418389055,+,Right Replicating,1
LRD,-0.863419895109926,-,Right Replicating,1
LRD,-0.704763948051195,+,Right Replicating,1
ERD,0.292228900034701,-,Right Replicating,10
ERD,0.236403186766343,+,Right Replicating,10
LRD,-0.98002867106867,-,Right Replicating,10
LRD,-0.76687034625366,+,Right Replicating,10
ERD,0.48904857338089,-,Right Replicating,100
ERD,0.531012645360222,+,Right Replicating,100
LRD,-1.03133860946159,-,Right Replicating,100
LRD,-1.30032794343554,+,Right Replicating,100
ERD,0.307689633549476,-,Right Replicating,11
ERD,0.551683289980432,+,Right Replicating,11
LRD,-1.03067469800315,-,Right Replicating,11
LRD,-0.427211203010247,+,Right Replicating,11
ERD,0.339887035042552,-,Right Replicating,12
ERD,0.28602453028973,+,Right Replicating,12
LRD,-0.604795995268189,-,Right Replicating,12
LRD,-0.930662254477035,+,Right Replicating,12
ERD,0.386324731809126,-,Right Replicating,13
ERD,0.409912031511311,+,Right Replicating,13
LRD,-0.781178349355621,-,Right Replicating,13
LRD,-0.855308201085302,+,Right Replicating,13
ERD,0.244918645391516,-,Right Replicating,14
ERD,0.610904661302645,+,Right Replicating,14
LRD,-0.637727126608057,-,Right Replicating,14
LRD,-0.92892561642221,+,Right Replicating,14
ERD,0.296685012786411,-,Right Replicating,15
ERD,0.570649899475993,+,Right Replicating,15
LRD,-1.05109287061224,-,Right Replicating,15
LRD,-1.00515497770228,+,Right Replicating,15
ERD,0.44362887902231,-,Right Replicating,16
ERD,0.386983956156322,+,Right Replicating,16
LRD,-0.756521814144723,-,Right Replicating,16
LRD,-0.915142832353333,+,Right Replicating,16
ERD,0.401754159897494,-,Right Replicating,17
ERD,0.509482472568123,+,Right Replicating,17
LRD,-1.11354212231576,-,Right Replicating,17
LRD,-1.02044270704494,+,Right Replicating,17
ERD,0.317033812109103,-,Right Replicating,18
ERD,0.612647915168518,+,Right Replicating,18
LRD,-0.957242962796925,-,Right Replicating,18
LRD,-1.01547736493846,+,Right Replicating,18
ERD,0.159514098015958,-,Right Replicating,19
ERD,0.255306698933184,+,Right Replicating,19
LRD,-0.988962279942931,-,Right Replicating,19
LRD,-0.955642690828319,+,Right Replicating,19
ERD,0.316238391238123,-,Right Replicating,2
ERD,0.33627922731314,+,Right Replicating,2
LRD,-0.92390191628658,-,Right Replicating,2
LRD,-0.975931660670659,+,Right Replicating,2
ERD,0.300251051943296,-,Right Replicating,20
ERD,0.358787042695994,+,Right Replicating,20
LRD,-1.18404276013971,-,Right Replicating,20
LRD,-1.14210822899846,+,Right Replicating,20
ERD,0.449715604095731,-,Right Replicating,21
ERD,0.349697394340658,+,Right Replicating,21
LRD,-0.856525098996948,-,Right Replicating,21
LRD,-1.02261834308614,+,Right Replicating,21
ERD,0.405596683809657,-,Right Replicating,22
ERD,0.580019194754416,+,Right Replicating,22
LRD,-1.17489406575742,-,Right Replicating,22
LRD,-1.23461468927217,+,Right Replicating,22
ERD,0.292734705846493,-,Right Replicating,23
ERD,0.40552813640868,+,Right Replicating,23
LRD,-0.714260811946103,-,Right Replicating,23
LRD,-0.672510706264252,+,Right Replicating,23
ERD,0.576232825034302,-,Right Replicating,24
ERD,0.367977655537976,+,Right Replicating,24
LRD,-0.783046378389808,-,Right Replicating,24
LRD,-1.27542129897757,+,Right Replicating,24
ERD,0.445754428440099,-,Right Replicating,25
ERD,0.326723471507715,+,Right Replicating,25
LRD,-0.971370497469397,-,Right Replicating,25
LRD,-1.10578033751969,+,Right Replicating,25
ERD,0.312635966985413,-,Right Replicating,26
ERD,0.313898262305436,+,Right Replicating,26
LRD,-0.881375849570279,-,Right Replicating,26
LRD,-1.13019447159628,+,Right Replicating,26
ERD,0.542281927696028,-,Right Replicating,27
ERD,0.479299335877368,+,Right Replicating,27
LRD,-1.13258450649786,-,Right Replicating,27
LRD,-1.03920131103974,+,Right Replicating,27
ERD,0.606583635638487,-,Right Replicating,28
ERD,0.64765057062725,+,Right Replicating,28
LRD,-0.841815955393223,-,Right Replicating,28
LRD,-1.11746303852337,+,Right Replicating,28
ERD,0.320599026082134,-,Right Replicating,29
ERD,0.464435031026522,+,Right Replicating,29
LRD,-0.73328790439719,-,Right Replicating,29
LRD,-0.932673236540017,+,Right Replicating,29
ERD,0.764557849215994,-,Right Replicating,3
ERD,0.262973323488173,+,Right Replicating,3
LRD,-1.06135671247992,-,Right Replicating,3
LRD,-1.03981688912745,+,Right Replicating,3
ERD,0.328772924877918,-,Right Replicating,30
ERD,0.411093589482092,+,Right Replicating,30
LRD,-0.619160378614272,-,Right Replicating,30
LRD,-1.29916794735618,+,Right Replicating,30
ERD,0.379596547919492,-,Right Replicating,31
ERD,0.40824500913542,+,Right Replicating,31
LRD,-0.515994504954177,-,Right Replicating,31
LRD,-1.38889359502636,+,Right Replicating,31
ERD,0.198209109854542,-,Right Replicating,32
ERD,0.137871958262202,+,Right Replicating,32
LRD,-0.408352786812049,-,Right Replicating,32
LRD,-1.45410702533451,+,Right Replicating,32
ERD,0.468334229575669,-,Right Replicating,33
ERD,0.586314487521703,+,Right Replicating,33
LRD,-0.951925609078793,-,Right Replicating,33
LRD,-1.2722298226158,+,Right Replicating,33
ERD,0.499005813743332,-,Right Replicating,34
ERD,0.349230322775909,+,Right Replicating,34
LRD,-0.683176088470237,-,Right Replicating,34
LRD,-1.12433891194171,+,Right Replicating,34
ERD,0.388823289794078,-,Right Replicating,35
ERD,0.536353723159501,+,Right Replicating,35
LRD,-0.789232801301945,-,Right Replicating,35
LRD,-1.30815453587441,+,Right Replicating,35
ERD,0.193805960593541,-,Right Replicating,36
ERD,0.504460810442744,+,Right Replicating,36
LRD,-0.767062525940837,-,Right Replicating,36
LRD,-1.33540757315434,+,Right Replicating,36
ERD,0.541390271249699,-,Right Replicating,37
ERD,0.435439844184075,+,Right Replicating,37
LRD,-0.63376452011522,-,Right Replicating,37
LRD,-1.18855718743717,+,Right Replicating,37
ERD,0.562009222091496,-,Right Replicating,38
ERD,0.322007451962475,+,Right Replicating,38
LRD,-0.822255196912202,-,Right Replicating,38
LRD,-0.973486818584137,+,Right Replicating,38
ERD,0.740607552181125,-,Right Replicating,39
ERD,0.336142321267728,+,Right Replicating,39
LRD,-0.916131362790472,-,Right Replicating,39
LRD,-1.24182703529939,+,Right Replicating,39
ERD,0.555213801524917,-,Right Replicating,4
ERD,0.466691206005616,+,Right Replicating,4
LRD,-1.3300674421792,-,Right Replicating,4
LRD,-0.645710623636871,+,Right Replicating,4
ERD,0.388663141752776,-,Right Replicating,40
ERD,0.350523017249549,+,Right Replicating,40
LRD,-0.849689334310585,-,Right Replicating,40
LRD,-1.36455146546203,+,Right Replicating,40
ERD,0.653575909777304,-,Right Replicating,41
ERD,0.437609325371732,+,Right Replicating,41
LRD,-0.620790155746991,-,Right Replicating,41
LRD,-1.40165815026966,+,Right Replicating,41
ERD,0.497015337401462,-,Right Replicating,42
ERD,0.450604187436135,+,Right Replicating,42
LRD,-0.856579428584817,-,Right Replicating,42
LRD,-1.09908712784676,+,Right Replicating,42
ERD,0.414246491680025,-,Right Replicating,43
ERD,0.176263440470353,+,Right Replicating,43
LRD,-0.958175405303882,-,Right Replicating,43
LRD,-1.3527445701445,+,Right Replicating,43
ERD,0.279159661169881,-,Right Replicating,44
ERD,0.539921751826066,+,Right Replicating,44
LRD,-1.0472639342097,-,Right Replicating,44
LRD,-1.31689731320999,+,Right Replicating,44
ERD,0.372938913231446,-,Right Replicating,45
ERD,0.239893993022633,+,Right Replicating,45
LRD,-0.904074105784627,-,Right Replicating,45
LRD,-1.5845931252884,+,Right Replicating,45
ERD,0.342128326574887,-,Right Replicating,46
ERD,0.565528024077554,+,Right Replicating,46
LRD,-0.852247959920786,-,Right Replicating,46
LRD,-1.08170436265026,+,Right Replicating,46
ERD,0.439943629159398,-,Right Replicating,47
ERD,0.482908324916288,+,Right Replicating,47
LRD,-0.871431475774597,-,Right Replicating,47
LRD,-1.39813117465984,+,Right Replicating,47
ERD,0.220510104293272,-,Right Replicating,48
ERD,0.491832241947875,+,Right Replicating,48
LRD,-0.786441367158537,-,Right Replicating,48
LRD,-1.35812315843918,+,Right Replicating,48
ERD,0.564399496755195,-,Right Replicating,49
ERD,0.728499967247486,+,Right Replicating,49
LRD,-1.01710440123119,-,Right Replicating,49
LRD,-1.46066977514882,+,Right Replicating,49
ERD,0.356620798285937,-,Right Replicating,5
ERD,0.428954350326069,+,Right Replicating,5
LRD,-0.793570005281041,-,Right Replicating,5
LRD,-0.921683232398162,+,Right Replicating,5
ERD,0.71980846339351,-,Right Replicating,50
ERD,0.6591088050767,+,Right Replicating,50
LRD,-0.846283241606536,-,Right Replicating,50
LRD,-1.02758804312137,+,Right Replicating,50
ERD,0.416287858042527,-,Right Replicating,51
ERD,0.546587900863702,+,Right Replicating,51
LRD,-0.884901393512129,-,Right Replicating,51
LRD,-1.13101316366796,+,Right Replicating,51
ERD,0.406274550336731,-,Right Replicating,52
ERD,0.560279345285659,+,Right Replicating,52
LRD,-1.00230569978606,-,Right Replicating,52
LRD,-1.38399703068311,+,Right Replicating,52
ERD,0.441955941095496,-,Right Replicating,53
ERD,0.44659700288214,+,Right Replicating,53
LRD,-0.938576618242364,-,Right Replicating,53
LRD,-1.0748309138358,+,Right Replicating,53
ERD,0.496762915575248,-,Right Replicating,54
ERD,0.443426509566153,+,Right Replicating,54
LRD,-1.0763106763337,-,Right Replicating,54
LRD,-1.09186853385767,+,Right Replicating,54
ERD,0.494968567222033,-,Right Replicating,55
ERD,0.397776257969491,+,Right Replicating,55
LRD,-0.77977279457015,-,Right Replicating,55
LRD,-1.22077625080589,+,Right Replicating,55
ERD,0.283685558287811,-,Right Replicating,56
ERD,0.494034972570261,+,Right Replicating,56
LRD,-0.515932353673903,-,Right Replicating,56
LRD,-1.42521956599054,+,Right Replicating,56
ERD,0.374507150384793,-,Right Replicating,57
ERD,0.38454918388365,+,Right Replicating,57
LRD,-1.096477662597,-,Right Replicating,57
LRD,-1.1065543294672,+,Right Replicating,57
ERD,0.373781165244271,-,Right Replicating,58
ERD,0.262293592282356,+,Right Replicating,58
LRD,-0.883824327626699,-,Right Replicating,58
LRD,-1.30509272177845,+,Right Replicating,58
ERD,0.365910182869215,-,Right Replicating,59
ERD,0.291886849806317,+,Right Replicating,59
LRD,-1.20428009559896,-,Right Replicating,59
LRD,-1.15283716158046,+,Right Replicating,59
ERD,0.461820212739773,-,Right Replicating,6
ERD,0.252163863201841,+,Right Replicating,6
LRD,-1.1347838546327,-,Right Replicating,6
LRD,-1.03220477566722,+,Right Replicating,6
ERD,0.42640314375624,-,Right Replicating,60
ERD,0.467789240449141,+,Right Replicating,60
LRD,-1.00438509545837,-,Right Replicating,60
LRD,-1.21672566413646,+,Right Replicating,60
ERD,0.456342483208294,-,Right Replicating,61
ERD,0.493589826818491,+,Right Replicating,61
LRD,-0.873865588606723,-,Right Replicating,61
LRD,-1.37145206557866,+,Right Replicating,61
ERD,0.661891023877506,-,Right Replicating,62
ERD,0.559560106490512,+,Right Replicating,62
LRD,-0.811943845580861,-,Right Replicating,62
LRD,-1.05119466219113,+,Right Replicating,62
ERD,0.440922704245384,-,Right Replicating,63
ERD,0.292923410172916,+,Right Replicating,63
LRD,-0.889200709994026,-,Right Replicating,63
LRD,-1.25822563700209,+,Right Replicating,63
ERD,0.556780614334564,-,Right Replicating,64
ERD,0.457532553390628,+,Right Replicating,64
LRD,-0.774084596274408,-,Right Replicating,64
LRD,-1.08459380738083,+,Right Replicating,64
ERD,0.559746723259054,-,Right Replicating,65
ERD,0.210523562277124,+,Right Replicating,65
LRD,-0.444961062371297,-,Right Replicating,65
LRD,-1.4573478663773,+,Right Replicating,65
ERD,0.481749652056723,-,Right Replicating,66
ERD,0.389213849617624,+,Right Replicating,66
LRD,-0.708938236741402,-,Right Replicating,66
LRD,-1.70831872990953,+,Right Replicating,66
ERD,0.659141046741003,-,Right Replicating,67
ERD,0.277690984043816,+,Right Replicating,67
LRD,-1.00152881330953,-,Right Replicating,67
LRD,-1.70954661507138,+,Right Replicating,67
ERD,0.512338540014522,-,Right Replicating,68
ERD,0.362089170930535,+,Right Replicating,68
LRD,-0.736924436222793,-,Right Replicating,68
LRD,-1.45552917509969,+,Right Replicating,68
ERD,0.284924715673883,-,Right Replicating,69
ERD,0.260905125793091,+,Right Replicating,69
LRD,-0.991758803778839,-,Right Replicating,69
LRD,-1.31518526874313,+,Right Replicating,69
ERD,0.520175703086247,-,Right Replicating,7
ERD,0.206813479615517,+,Right Replicating,7
LRD,-0.811084854088592,-,Right Replicating,7
LRD,-0.812200133941778,+,Right Replicating,7
ERD,0.49272551353724,-,Right Replicating,70
ERD,0.140837780091203,+,Right Replicating,70
LRD,-1.39334701757818,-,Right Replicating,70
LRD,-1.5571712010546,+,Right Replicating,70
ERD,0.275705809559237,-,Right Replicating,71
ERD,0.206583827974509,+,Right Replicating,71
LRD,-0.713845442577221,-,Right Replicating,71
LRD,-1.39765041251623,+,Right Replicating,71
ERD,0.41444349327838,-,Right Replicating,72
ERD,0.439293520131321,+,Right Replicating,72
LRD,-1.12657044051651,-,Right Replicating,72
LRD,-1.5695322715288,+,Right Replicating,72
ERD,0.601982138974799,-,Right Replicating,73
ERD,0.45926113082694,+,Right Replicating,73
LRD,-0.965523551855058,-,Right Replicating,73
LRD,-1.58316836954338,+,Right Replicating,73
ERD,0.471745047544753,-,Right Replicating,74
ERD,0.542729637963361,+,Right Replicating,74
LRD,-1.01116672157358,-,Right Replicating,74
LRD,-1.09533067868596,+,Right Replicating,74
ERD,0.845642116404246,-,Right Replicating,75
ERD,0.284059632016743,+,Right Replicating,75
LRD,-0.82045112830154,-,Right Replicating,75
LRD,-1.36146190567427,+,Right Replicating,75
ERD,0.397239416615792,-,Right Replicating,76
ERD,0.396500070355847,+,Right Replicating,76
LRD,-1.32271352959681,-,Right Replicating,76
LRD,-1.37174918146708,+,Right Replicating,76
ERD,0.367826041671475,-,Right Replicating,77
ERD,0.493277929761225,+,Right Replicating,77
LRD,-1.53760180174419,-,Right Replicating,77
LRD,-1.67433843876498,+,Right Replicating,77
ERD,0.212125873514032,-,Right Replicating,78
ERD,0.464814707512991,+,Right Replicating,78
LRD,-1.07098306462153,-,Right Replicating,78
LRD,-1.38024710062723,+,Right Replicating,78
ERD,0.407700981900802,-,Right Replicating,79
ERD,0.457569415059821,+,Right Replicating,79
LRD,-1.13962561114502,-,Right Replicating,79
LRD,-1.57055377541347,+,Right Replicating,79
ERD,0.291593140396894,-,Right Replicating,8
ERD,0.3514902511723,+,Right Replicating,8
LRD,-0.770017942984932,-,Right Replicating,8
LRD,-0.954588679580246,+,Right Replicating,8
ERD,0.484620047413704,-,Right Replicating,80
ERD,0.292388564086635,+,Right Replicating,80
LRD,-0.917394110051216,-,Right Replicating,80
LRD,-1.4493360274585,+,Right Replicating,80
ERD,0.411408173439,-,Right Replicating,81
ERD,0.396760910414895,+,Right Replicating,81
LRD,-0.761657957331751,-,Right Replicating,81
LRD,-1.31667243449331,+,Right Replicating,81
ERD,0.313420542698219,-,Right Replicating,82
ERD,0.311668736214302,+,Right Replicating,82
LRD,-0.764401678816468,-,Right Replicating,82
LRD,-1.46113077609493,+,Right Replicating,82
ERD,0.384867473753698,-,Right Replicating,83
ERD,0.0966194878061744,+,Right Replicating,83
LRD,-0.62972722805998,-,Right Replicating,83
LRD,-1.43159739658376,+,Right Replicating,83
ERD,0.462207224388642,-,Right Replicating,84
ERD,0.311781602058686,+,Right Replicating,84
LRD,-1.08860717436918,-,Right Replicating,84
LRD,-1.58572480111298,+,Right Replicating,84
ERD,0.412219699788865,-,Right Replicating,85
ERD,0.373019509718334,+,Right Replicating,85
LRD,-0.799321137570026,-,Right Replicating,85
LRD,-1.53537106733343,+,Right Replicating,85
ERD,0.571599289604779,-,Right Replicating,86
ERD,0.43053213672676,+,Right Replicating,86
LRD,-1.29239904480553,-,Right Replicating,86
LRD,-1.08839080046089,+,Right Replicating,86
ERD,0.61858492488016,-,Right Replicating,87
ERD,0.293895037307659,+,Right Replicating,87
LRD,-0.778452071757389,-,Right Replicating,87
LRD,-1.45977101814612,+,Right Replicating,87
ERD,0.496956533868911,-,Right Replicating,88
ERD,0.509449966194836,+,Right Replicating,88
LRD,-0.798467010261178,-,Right Replicating,88
LRD,-1.41158131539832,+,Right Replicating,88
ERD,0.302278196044433,-,Right Replicating,89
ERD,0.494068890816383,+,Right Replicating,89
LRD,-0.788841041523064,-,Right Replicating,89
LRD,-1.46038362087114,+,Right Replicating,89
ERD,0.522616422825391,-,Right Replicating,9
ERD,0.327803883135564,+,Right Replicating,9
LRD,-1.17334479350187,-,Right Replicating,9
LRD,-0.653671243627116,+,Right Replicating,9
ERD,0.690051275229912,-,Right Replicating,90
ERD,0.360822931614257,+,Right Replicating,90
LRD,-0.975466166087888,-,Right Replicating,90
LRD,-1.35957626973523,+,Right Replicating,90
ERD,0.674555518285675,-,Right Replicating,91
ERD,0.416064147627814,+,Right Replicating,91
LRD,-1.12286317216959,-,Right Replicating,91
LRD,-1.34064801265823,+,Right Replicating,91
ERD,0.478624384250177,-,Right Replicating,92
ERD,0.456387058101191,+,Right Replicating,92
LRD,-0.963639325586857,-,Right Replicating,92
LRD,-1.53559263042493,+,Right Replicating,92
ERD,0.381553577237795,-,Right Replicating,93
ERD,0.215558389943704,+,Right Replicating,93
LRD,-0.858472637417937,-,Right Replicating,93
LRD,-1.57664487048704,+,Right Replicating,93
ERD,0.576525125010123,-,Right Replicating,94
ERD,0.244925494736633,+,Right Replicating,94
LRD,-0.523598942345217,-,Right Replicating,94
LRD,-1.13407558629239,+,Right Replicating,94
ERD,0.68569031803995,-,Right Replicating,95
ERD,0.706479773494497,+,Right Replicating,95
LRD,-1.03415984072786,-,Right Replicating,95
LRD,-1.36662874903798,+,Right Replicating,95
ERD,0.626922103371272,-,Right Replicating,96
ERD,0.443944277561337,+,Right Replicating,96
LRD,-0.797786059819351,-,Right Replicating,96
LRD,-1.51872004526476,+,Right Replicating,96
ERD,0.417663891944138,-,Right Replicating,97
ERD,0.346484920132885,+,Right Replicating,97
LRD,-1.07614992227999,-,Right Replicating,97
LRD,-1.21227797084645,+,Right Replicating,97
ERD,0.463560857344783,-,Right Replicating,98
ERD,0.552546347918535,+,Right Replicating,98
LRD,-1.0137177766173,-,Right Replicating,98
LRD,-1.42981497493639,+,Right Replicating,98
ERD,0.407251755740707,-,Right Replicating,99
ERD,0.215383990431347,+,Right Replicating,99
LRD,-0.604417849160938,-,Right Replicating,99
LRD,-1.69007116721707,+,Right Replicating,99
